--------------------------------------------------------
--  파일이 생성됨 - 월요일-10월-14-2024   
--------------------------------------------------------
--------------------------------------------------------
--  DDL for Table HANJU_BILL
--------------------------------------------------------

  CREATE TABLE "SYSTEM"."HANJU_BILL" 
   (	"BILL_ID" VARCHAR2(255 BYTE), 
	"PRODUCT_ID" VARCHAR2(255 BYTE), 
	"PRODUCT_COUNT" NUMBER, 
	"USER_ID" VARCHAR2(255 BYTE), 
	"CDATETIME" DATE, 
	"STATUS" VARCHAR2(255 BYTE), 
	"KIND" VARCHAR2(20 BYTE)
   ) SEGMENT CREATION IMMEDIATE 
  PCTFREE 10 PCTUSED 40 INITRANS 1 MAXTRANS 255 
 NOCOMPRESS LOGGING
  STORAGE(INITIAL 65536 NEXT 1048576 MINEXTENTS 1 MAXEXTENTS 2147483645
  PCTINCREASE 0 FREELISTS 1 FREELIST GROUPS 1
  BUFFER_POOL DEFAULT FLASH_CACHE DEFAULT CELL_FLASH_CACHE DEFAULT)
  TABLESPACE "USERS" ;
--------------------------------------------------------
--  DDL for Table HANJU_CART
--------------------------------------------------------

  CREATE TABLE "SYSTEM"."HANJU_CART" 
   (	"USER_ID" VARCHAR2(255 BYTE), 
	"PRODUCT_ID" VARCHAR2(255 BYTE), 
	"PRODUCT_COUNT" VARCHAR2(255 BYTE), 
	"CDATETIME" DATE, 
	"KIND" VARCHAR2(255 BYTE), 
	"STORE_ID" VARCHAR2(255 BYTE), 
	"PICKUP_DATE" VARCHAR2(255 BYTE), 
	"CART_ID" VARCHAR2(255 BYTE)
   ) SEGMENT CREATION IMMEDIATE 
  PCTFREE 10 PCTUSED 40 INITRANS 1 MAXTRANS 255 
 NOCOMPRESS LOGGING
  STORAGE(INITIAL 65536 NEXT 1048576 MINEXTENTS 1 MAXEXTENTS 2147483645
  PCTINCREASE 0 FREELISTS 1 FREELIST GROUPS 1
  BUFFER_POOL DEFAULT FLASH_CACHE DEFAULT CELL_FLASH_CACHE DEFAULT)
  TABLESPACE "USERS" ;
--------------------------------------------------------
--  DDL for Table HANJU_CODE
--------------------------------------------------------

  CREATE TABLE "SYSTEM"."HANJU_CODE" 
   (	"KIND" VARCHAR2(20 BYTE), 
	"CODE_NAME" VARCHAR2(255 BYTE), 
	"CODE" VARCHAR2(20 BYTE), 
	"CODE_FULL" VARCHAR2(255 BYTE), 
	"PARENT_CODE" VARCHAR2(20 BYTE)
   ) SEGMENT CREATION IMMEDIATE 
  PCTFREE 10 PCTUSED 40 INITRANS 1 MAXTRANS 255 
 NOCOMPRESS LOGGING
  STORAGE(INITIAL 65536 NEXT 1048576 MINEXTENTS 1 MAXEXTENTS 2147483645
  PCTINCREASE 0 FREELISTS 1 FREELIST GROUPS 1
  BUFFER_POOL DEFAULT FLASH_CACHE DEFAULT CELL_FLASH_CACHE DEFAULT)
  TABLESPACE "USERS" ;
--------------------------------------------------------
--  DDL for Table HANJU_COMMENT
--------------------------------------------------------

  CREATE TABLE "SYSTEM"."HANJU_COMMENT" 
   (	"COMMENT_ID" VARCHAR2(20 BYTE), 
	"BILL_ID" VARCHAR2(20 BYTE), 
	"USER_ID" VARCHAR2(20 BYTE), 
	"CONTENT" VARCHAR2(1000 BYTE), 
	"GRADE" VARCHAR2(20 BYTE), 
	"CDATETIME" VARCHAR2(20 BYTE), 
	"PARENT_ID" VARCHAR2(20 BYTE)
   ) SEGMENT CREATION IMMEDIATE 
  PCTFREE 10 PCTUSED 40 INITRANS 1 MAXTRANS 255 
 NOCOMPRESS LOGGING
  STORAGE(INITIAL 65536 NEXT 1048576 MINEXTENTS 1 MAXEXTENTS 2147483645
  PCTINCREASE 0 FREELISTS 1 FREELIST GROUPS 1
  BUFFER_POOL DEFAULT FLASH_CACHE DEFAULT CELL_FLASH_CACHE DEFAULT)
  TABLESPACE "USERS" ;
--------------------------------------------------------
--  DDL for Table HANJU_FAVORITE
--------------------------------------------------------

  CREATE TABLE "SYSTEM"."HANJU_FAVORITE" 
   (	"USER_ID" VARCHAR2(255 BYTE), 
	"PRODUCT_ID" VARCHAR2(255 BYTE), 
	"CDATETIME" VARCHAR2(255 BYTE)
   ) SEGMENT CREATION IMMEDIATE 
  PCTFREE 10 PCTUSED 40 INITRANS 1 MAXTRANS 255 
 NOCOMPRESS LOGGING
  STORAGE(INITIAL 65536 NEXT 1048576 MINEXTENTS 1 MAXEXTENTS 2147483645
  PCTINCREASE 0 FREELISTS 1 FREELIST GROUPS 1
  BUFFER_POOL DEFAULT FLASH_CACHE DEFAULT CELL_FLASH_CACHE DEFAULT)
  TABLESPACE "USERS" ;
--------------------------------------------------------
--  DDL for Table HANJU_FUNDING
--------------------------------------------------------

  CREATE TABLE "SYSTEM"."HANJU_FUNDING" 
   (	"FUNDING_ID" VARCHAR2(20 BYTE), 
	"PRODUCT_ID" VARCHAR2(20 BYTE), 
	"DESCRIPTION" VARCHAR2(1000 BYTE), 
	"CONTENTS" CLOB, 
	"TARGET_AMOUNT" NUMBER, 
	"START_DATE" DATE, 
	"END_DATE" DATE
   ) SEGMENT CREATION IMMEDIATE 
  PCTFREE 10 PCTUSED 40 INITRANS 1 MAXTRANS 255 
 NOCOMPRESS LOGGING
  STORAGE(INITIAL 65536 NEXT 1048576 MINEXTENTS 1 MAXEXTENTS 2147483645
  PCTINCREASE 0 FREELISTS 1 FREELIST GROUPS 1
  BUFFER_POOL DEFAULT FLASH_CACHE DEFAULT CELL_FLASH_CACHE DEFAULT)
  TABLESPACE "USERS" 
 LOB ("CONTENTS") STORE AS SECUREFILE (
  TABLESPACE "USERS" ENABLE STORAGE IN ROW CHUNK 8192
  NOCACHE LOGGING  NOCOMPRESS  KEEP_DUPLICATES 
  STORAGE(INITIAL 106496 NEXT 1048576 MINEXTENTS 1 MAXEXTENTS 2147483645
  PCTINCREASE 0
  BUFFER_POOL DEFAULT FLASH_CACHE DEFAULT CELL_FLASH_CACHE DEFAULT)) ;
--------------------------------------------------------
--  DDL for Table HANJU_FUNDING_BILL
--------------------------------------------------------

  CREATE TABLE "SYSTEM"."HANJU_FUNDING_BILL" 
   (	"FUNDING_ID" VARCHAR2(20 BYTE), 
	"BILL_ID" VARCHAR2(20 BYTE), 
	"OPTION_ID" VARCHAR2(20 BYTE)
   ) SEGMENT CREATION IMMEDIATE 
  PCTFREE 10 PCTUSED 40 INITRANS 1 MAXTRANS 255 
 NOCOMPRESS LOGGING
  STORAGE(INITIAL 65536 NEXT 1048576 MINEXTENTS 1 MAXEXTENTS 2147483645
  PCTINCREASE 0 FREELISTS 1 FREELIST GROUPS 1
  BUFFER_POOL DEFAULT FLASH_CACHE DEFAULT CELL_FLASH_CACHE DEFAULT)
  TABLESPACE "USERS" ;
--------------------------------------------------------
--  DDL for Table HANJU_FUNDING_OPTION
--------------------------------------------------------

  CREATE TABLE "SYSTEM"."HANJU_FUNDING_OPTION" 
   (	"OPTION_ID" VARCHAR2(20 BYTE), 
	"FUNDING_ID" VARCHAR2(20 BYTE), 
	"OPTION_NAME" VARCHAR2(1000 BYTE), 
	"OPTION_PRICE" NUMBER
   ) SEGMENT CREATION IMMEDIATE 
  PCTFREE 10 PCTUSED 40 INITRANS 1 MAXTRANS 255 
 NOCOMPRESS LOGGING
  STORAGE(INITIAL 65536 NEXT 1048576 MINEXTENTS 1 MAXEXTENTS 2147483645
  PCTINCREASE 0 FREELISTS 1 FREELIST GROUPS 1
  BUFFER_POOL DEFAULT FLASH_CACHE DEFAULT CELL_FLASH_CACHE DEFAULT)
  TABLESPACE "USERS" ;
--------------------------------------------------------
--  DDL for Table HANJU_FUNDING_USER_STAT
--------------------------------------------------------

  CREATE TABLE "SYSTEM"."HANJU_FUNDING_USER_STAT" 
   (	"USER_ID" VARCHAR2(20 BYTE), 
	"OPTION_ID" VARCHAR2(20 BYTE)
   ) SEGMENT CREATION DEFERRED 
  PCTFREE 10 PCTUSED 40 INITRANS 1 MAXTRANS 255 
 NOCOMPRESS LOGGING
  TABLESPACE "USERS" ;
--------------------------------------------------------
--  DDL for Table HANJU_GROUP_SELL
--------------------------------------------------------

  CREATE TABLE "SYSTEM"."HANJU_GROUP_SELL" 
   (	"GROUP_SELL_ID" VARCHAR2(20 BYTE), 
	"TARGET_AMOUNT" NUMBER, 
	"START_DATE" DATE, 
	"END_DATE" DATE, 
	"DISCOUNT" NUMBER, 
	"PRODUCT_ID" VARCHAR2(20 BYTE), 
	"DESCRIPTION" VARCHAR2(1000 BYTE)
   ) SEGMENT CREATION IMMEDIATE 
  PCTFREE 10 PCTUSED 40 INITRANS 1 MAXTRANS 255 
 NOCOMPRESS LOGGING
  STORAGE(INITIAL 65536 NEXT 1048576 MINEXTENTS 1 MAXEXTENTS 2147483645
  PCTINCREASE 0 FREELISTS 1 FREELIST GROUPS 1
  BUFFER_POOL DEFAULT FLASH_CACHE DEFAULT CELL_FLASH_CACHE DEFAULT)
  TABLESPACE "USERS" ;
--------------------------------------------------------
--  DDL for Table HANJU_GROUP_SELL_STAT
--------------------------------------------------------

  CREATE TABLE "SYSTEM"."HANJU_GROUP_SELL_STAT" 
   (	"GROUP_SELL_ID" VARCHAR2(20 BYTE), 
	"USER_ID" VARCHAR2(20 BYTE)
   ) SEGMENT CREATION IMMEDIATE 
  PCTFREE 10 PCTUSED 40 INITRANS 1 MAXTRANS 255 
 NOCOMPRESS LOGGING
  STORAGE(INITIAL 65536 NEXT 1048576 MINEXTENTS 1 MAXEXTENTS 2147483645
  PCTINCREASE 0 FREELISTS 1 FREELIST GROUPS 1
  BUFFER_POOL DEFAULT FLASH_CACHE DEFAULT CELL_FLASH_CACHE DEFAULT)
  TABLESPACE "USERS" ;
--------------------------------------------------------
--  DDL for Table HANJU_IMAGE
--------------------------------------------------------

  CREATE TABLE "SYSTEM"."HANJU_IMAGE" 
   (	"IMAGE_ID" VARCHAR2(255 BYTE), 
	"FK_ID" VARCHAR2(255 BYTE), 
	"FILE_NAME" VARCHAR2(255 BYTE), 
	"FILE_ORG_NAME" VARCHAR2(255 BYTE), 
	"FILE_PATH" VARCHAR2(255 BYTE), 
	"FILE_STATUS" VARCHAR2(255 BYTE)
   ) SEGMENT CREATION IMMEDIATE 
  PCTFREE 10 PCTUSED 40 INITRANS 1 MAXTRANS 255 
 NOCOMPRESS LOGGING
  STORAGE(INITIAL 65536 NEXT 1048576 MINEXTENTS 1 MAXEXTENTS 2147483645
  PCTINCREASE 0 FREELISTS 1 FREELIST GROUPS 1
  BUFFER_POOL DEFAULT FLASH_CACHE DEFAULT CELL_FLASH_CACHE DEFAULT)
  TABLESPACE "USERS" ;
--------------------------------------------------------
--  DDL for Table HANJU_NORMAL_SELL
--------------------------------------------------------

  CREATE TABLE "SYSTEM"."HANJU_NORMAL_SELL" 
   (	"SELL_ID" VARCHAR2(255 BYTE), 
	"PRODUCT_ID" VARCHAR2(255 BYTE), 
	"DISCOUNT" NUMBER(*,0), 
	"CDATETIME" DATE, 
	"CONTENTS" CLOB, 
	"DESCRIPTION" VARCHAR2(1000 BYTE)
   ) SEGMENT CREATION IMMEDIATE 
  PCTFREE 10 PCTUSED 40 INITRANS 1 MAXTRANS 255 
 NOCOMPRESS LOGGING
  STORAGE(INITIAL 65536 NEXT 1048576 MINEXTENTS 1 MAXEXTENTS 2147483645
  PCTINCREASE 0 FREELISTS 1 FREELIST GROUPS 1
  BUFFER_POOL DEFAULT FLASH_CACHE DEFAULT CELL_FLASH_CACHE DEFAULT)
  TABLESPACE "USERS" 
 LOB ("CONTENTS") STORE AS SECUREFILE (
  TABLESPACE "USERS" ENABLE STORAGE IN ROW CHUNK 8192
  NOCACHE LOGGING  NOCOMPRESS  KEEP_DUPLICATES 
  STORAGE(INITIAL 106496 NEXT 1048576 MINEXTENTS 1 MAXEXTENTS 2147483645
  PCTINCREASE 0
  BUFFER_POOL DEFAULT FLASH_CACHE DEFAULT CELL_FLASH_CACHE DEFAULT)) ;
--------------------------------------------------------
--  DDL for Table HANJU_PICKUP_BILL
--------------------------------------------------------

  CREATE TABLE "SYSTEM"."HANJU_PICKUP_BILL" 
   (	"BILL_ID" VARCHAR2(255 BYTE), 
	"STORE_ID" VARCHAR2(255 BYTE), 
	"PICKUP_DATE" DATE, 
	"PICKUP_STATUS" VARCHAR2(255 BYTE)
   ) SEGMENT CREATION IMMEDIATE 
  PCTFREE 10 PCTUSED 40 INITRANS 1 MAXTRANS 255 
 NOCOMPRESS LOGGING
  STORAGE(INITIAL 65536 NEXT 1048576 MINEXTENTS 1 MAXEXTENTS 2147483645
  PCTINCREASE 0 FREELISTS 1 FREELIST GROUPS 1
  BUFFER_POOL DEFAULT FLASH_CACHE DEFAULT CELL_FLASH_CACHE DEFAULT)
  TABLESPACE "USERS" ;
--------------------------------------------------------
--  DDL for Table HANJU_PICKUP_STOCK
--------------------------------------------------------

  CREATE TABLE "SYSTEM"."HANJU_PICKUP_STOCK" 
   (	"STORE_ID" VARCHAR2(255 BYTE), 
	"PRODUCT_ID" VARCHAR2(255 BYTE), 
	"STOCK" NUMBER DEFAULT 0, 
	"DISCOUNT" NUMBER
   ) SEGMENT CREATION IMMEDIATE 
  PCTFREE 10 PCTUSED 40 INITRANS 1 MAXTRANS 255 
 NOCOMPRESS LOGGING
  STORAGE(INITIAL 65536 NEXT 1048576 MINEXTENTS 1 MAXEXTENTS 2147483645
  PCTINCREASE 0 FREELISTS 1 FREELIST GROUPS 1
  BUFFER_POOL DEFAULT FLASH_CACHE DEFAULT CELL_FLASH_CACHE DEFAULT)
  TABLESPACE "USERS" ;
--------------------------------------------------------
--  DDL for Table HANJU_PICKUP_STORE
--------------------------------------------------------

  CREATE TABLE "SYSTEM"."HANJU_PICKUP_STORE" 
   (	"STORE_ID" VARCHAR2(255 BYTE), 
	"STORE_NAME" VARCHAR2(255 BYTE), 
	"PHONE" VARCHAR2(255 BYTE), 
	"ZIPNO" VARCHAR2(255 BYTE), 
	"ROADADDRPART1" VARCHAR2(255 BYTE), 
	"ADDRDETAIL" VARCHAR2(255 BYTE)
   ) SEGMENT CREATION IMMEDIATE 
  PCTFREE 10 PCTUSED 40 INITRANS 1 MAXTRANS 255 
 NOCOMPRESS LOGGING
  STORAGE(INITIAL 65536 NEXT 1048576 MINEXTENTS 1 MAXEXTENTS 2147483645
  PCTINCREASE 0 FREELISTS 1 FREELIST GROUPS 1
  BUFFER_POOL DEFAULT FLASH_CACHE DEFAULT CELL_FLASH_CACHE DEFAULT)
  TABLESPACE "USERS" ;
--------------------------------------------------------
--  DDL for Table HANJU_PRODUCT
--------------------------------------------------------

  CREATE TABLE "SYSTEM"."HANJU_PRODUCT" 
   (	"PRODUCT_ID" VARCHAR2(255 BYTE), 
	"TYPE" VARCHAR2(255 BYTE), 
	"PRODUCT_NAME" VARCHAR2(255 BYTE), 
	"PRICE" NUMBER, 
	"SELLER_ID" VARCHAR2(255 BYTE), 
	"MADE_BY" VARCHAR2(255 BYTE), 
	"ALCOHOL" NUMBER, 
	"SPARKLING" NUMBER, 
	"SWEET" NUMBER, 
	"SOUR" NUMBER, 
	"BITTER" NUMBER, 
	"BODY" NUMBER, 
	"STOCK" NUMBER, 
	"CAPACITY" NUMBER, 
	"MATERIAL" VARCHAR2(255 BYTE), 
	"CDATETIME" DATE, 
	"COLOR" VARCHAR2(255 BYTE)
   ) SEGMENT CREATION IMMEDIATE 
  PCTFREE 10 PCTUSED 40 INITRANS 1 MAXTRANS 255 
 NOCOMPRESS LOGGING
  STORAGE(INITIAL 65536 NEXT 1048576 MINEXTENTS 1 MAXEXTENTS 2147483645
  PCTINCREASE 0 FREELISTS 1 FREELIST GROUPS 1
  BUFFER_POOL DEFAULT FLASH_CACHE DEFAULT CELL_FLASH_CACHE DEFAULT)
  TABLESPACE "USERS" ;
--------------------------------------------------------
--  DDL for Table HANJU_SUBSCRIBE
--------------------------------------------------------

  CREATE TABLE "SYSTEM"."HANJU_SUBSCRIBE" 
   (	"SUBSCRIBE_ID" VARCHAR2(255 BYTE), 
	"TITLE" VARCHAR2(255 BYTE), 
	"DISCOUNT" NUMBER, 
	"CDATETIME" DATE, 
	"ARRIVE_DATE" VARCHAR2(10 BYTE)
   ) SEGMENT CREATION IMMEDIATE 
  PCTFREE 10 PCTUSED 40 INITRANS 1 MAXTRANS 255 
 NOCOMPRESS LOGGING
  STORAGE(INITIAL 65536 NEXT 1048576 MINEXTENTS 1 MAXEXTENTS 2147483645
  PCTINCREASE 0 FREELISTS 1 FREELIST GROUPS 1
  BUFFER_POOL DEFAULT FLASH_CACHE DEFAULT CELL_FLASH_CACHE DEFAULT)
  TABLESPACE "USERS" ;
--------------------------------------------------------
--  DDL for Table HANJU_SUBSCRIBE_ITEM
--------------------------------------------------------

  CREATE TABLE "SYSTEM"."HANJU_SUBSCRIBE_ITEM" 
   (	"SUBSCRIBE_ID" VARCHAR2(255 BYTE), 
	"PRODUCT_ID" VARCHAR2(255 BYTE)
   ) SEGMENT CREATION IMMEDIATE 
  PCTFREE 10 PCTUSED 40 INITRANS 1 MAXTRANS 255 
 NOCOMPRESS LOGGING
  STORAGE(INITIAL 65536 NEXT 1048576 MINEXTENTS 1 MAXEXTENTS 2147483645
  PCTINCREASE 0 FREELISTS 1 FREELIST GROUPS 1
  BUFFER_POOL DEFAULT FLASH_CACHE DEFAULT CELL_FLASH_CACHE DEFAULT)
  TABLESPACE "USERS" ;
--------------------------------------------------------
--  DDL for Table HANJU_SUBSCRIBE_STATUS
--------------------------------------------------------

  CREATE TABLE "SYSTEM"."HANJU_SUBSCRIBE_STATUS" 
   (	"SUBSCRIBE_ID" VARCHAR2(255 BYTE), 
	"USER_ID" VARCHAR2(255 BYTE), 
	"SUB_DATE" DATE, 
	"NEXT_SUB" VARCHAR2(20 BYTE)
   ) SEGMENT CREATION IMMEDIATE 
  PCTFREE 10 PCTUSED 40 INITRANS 1 MAXTRANS 255 
 NOCOMPRESS LOGGING
  STORAGE(INITIAL 65536 NEXT 1048576 MINEXTENTS 1 MAXEXTENTS 2147483645
  PCTINCREASE 0 FREELISTS 1 FREELIST GROUPS 1
  BUFFER_POOL DEFAULT FLASH_CACHE DEFAULT CELL_FLASH_CACHE DEFAULT)
  TABLESPACE "USERS" ;
--------------------------------------------------------
--  DDL for Table HANJU_USER
--------------------------------------------------------

  CREATE TABLE "SYSTEM"."HANJU_USER" 
   (	"USER_ID" VARCHAR2(255 BYTE), 
	"PASSWORD" VARCHAR2(255 BYTE), 
	"USER_NAME" VARCHAR2(255 BYTE), 
	"STATUS" VARCHAR2(255 BYTE), 
	"PHONE" VARCHAR2(255 BYTE), 
	"EMAIL" VARCHAR2(255 BYTE), 
	"BIRTHDAY" DATE, 
	"CDATETIME" DATE, 
	"POINT" NUMBER, 
	"ZIPNO" VARCHAR2(255 BYTE), 
	"ROADADDRPART1" VARCHAR2(255 BYTE), 
	"ADDRDETAIL" VARCHAR2(255 BYTE)
   ) SEGMENT CREATION IMMEDIATE 
  PCTFREE 10 PCTUSED 40 INITRANS 1 MAXTRANS 255 
 NOCOMPRESS LOGGING
  STORAGE(INITIAL 65536 NEXT 1048576 MINEXTENTS 1 MAXEXTENTS 2147483645
  PCTINCREASE 0 FREELISTS 1 FREELIST GROUPS 1
  BUFFER_POOL DEFAULT FLASH_CACHE DEFAULT CELL_FLASH_CACHE DEFAULT)
  TABLESPACE "USERS" ;
REM INSERTING into SYSTEM.HANJU_BILL
SET DEFINE OFF;
Insert into SYSTEM.HANJU_BILL (BILL_ID,PRODUCT_ID,PRODUCT_COUNT,USER_ID,CDATETIME,STATUS,KIND) values ('129','98',1,'user1',to_date('24/10/05','RR/MM/DD'),'B','P');
Insert into SYSTEM.HANJU_BILL (BILL_ID,PRODUCT_ID,PRODUCT_COUNT,USER_ID,CDATETIME,STATUS,KIND) values ('130','122',1,'user1',to_date('24/10/05','RR/MM/DD'),'B','P');
Insert into SYSTEM.HANJU_BILL (BILL_ID,PRODUCT_ID,PRODUCT_COUNT,USER_ID,CDATETIME,STATUS,KIND) values ('138','90',1,'user1',to_date('24/10/05','RR/MM/DD'),'C','N');
Insert into SYSTEM.HANJU_BILL (BILL_ID,PRODUCT_ID,PRODUCT_COUNT,USER_ID,CDATETIME,STATUS,KIND) values ('139','92',1,'user1',to_date('24/10/05','RR/MM/DD'),'C','N');
Insert into SYSTEM.HANJU_BILL (BILL_ID,PRODUCT_ID,PRODUCT_COUNT,USER_ID,CDATETIME,STATUS,KIND) values ('140','115',1,'user1',to_date('24/10/05','RR/MM/DD'),'C','N');
Insert into SYSTEM.HANJU_BILL (BILL_ID,PRODUCT_ID,PRODUCT_COUNT,USER_ID,CDATETIME,STATUS,KIND) values ('124','92',1,'user1',to_date('24/10/05','RR/MM/DD'),'B','N');
Insert into SYSTEM.HANJU_BILL (BILL_ID,PRODUCT_ID,PRODUCT_COUNT,USER_ID,CDATETIME,STATUS,KIND) values ('127','93',1,'user1',to_date('24/10/05','RR/MM/DD'),'B','P');
Insert into SYSTEM.HANJU_BILL (BILL_ID,PRODUCT_ID,PRODUCT_COUNT,USER_ID,CDATETIME,STATUS,KIND) values ('145','92',1,'user2',to_date('24/10/07','RR/MM/DD'),'C','N');
Insert into SYSTEM.HANJU_BILL (BILL_ID,PRODUCT_ID,PRODUCT_COUNT,USER_ID,CDATETIME,STATUS,KIND) values ('146','106',1,'user2',to_date('24/10/07','RR/MM/DD'),'C','N');
Insert into SYSTEM.HANJU_BILL (BILL_ID,PRODUCT_ID,PRODUCT_COUNT,USER_ID,CDATETIME,STATUS,KIND) values ('147','88',1,'user2',to_date('24/10/07','RR/MM/DD'),'C','N');
Insert into SYSTEM.HANJU_BILL (BILL_ID,PRODUCT_ID,PRODUCT_COUNT,USER_ID,CDATETIME,STATUS,KIND) values ('148','89',1,'user2',to_date('24/10/07','RR/MM/DD'),'C','N');
Insert into SYSTEM.HANJU_BILL (BILL_ID,PRODUCT_ID,PRODUCT_COUNT,USER_ID,CDATETIME,STATUS,KIND) values ('150','118',1,'user2',to_date('24/10/07','RR/MM/DD'),'C','P');
Insert into SYSTEM.HANJU_BILL (BILL_ID,PRODUCT_ID,PRODUCT_COUNT,USER_ID,CDATETIME,STATUS,KIND) values ('151','119',1,'user2',to_date('24/10/07','RR/MM/DD'),'C','P');
Insert into SYSTEM.HANJU_BILL (BILL_ID,PRODUCT_ID,PRODUCT_COUNT,USER_ID,CDATETIME,STATUS,KIND) values ('152','98',1,'user2',to_date('24/10/07','RR/MM/DD'),'B','P');
Insert into SYSTEM.HANJU_BILL (BILL_ID,PRODUCT_ID,PRODUCT_COUNT,USER_ID,CDATETIME,STATUS,KIND) values ('156','90',1,'user2',to_date('24/10/07','RR/MM/DD'),'C','N');
Insert into SYSTEM.HANJU_BILL (BILL_ID,PRODUCT_ID,PRODUCT_COUNT,USER_ID,CDATETIME,STATUS,KIND) values ('164','90',1,'user1',to_date('24/10/11','RR/MM/DD'),'S','N');
Insert into SYSTEM.HANJU_BILL (BILL_ID,PRODUCT_ID,PRODUCT_COUNT,USER_ID,CDATETIME,STATUS,KIND) values ('137','104',1,'user1',to_date('24/10/05','RR/MM/DD'),'C','N');
Insert into SYSTEM.HANJU_BILL (BILL_ID,PRODUCT_ID,PRODUCT_COUNT,USER_ID,CDATETIME,STATUS,KIND) values ('136','104',1,'user1',to_date('24/10/05','RR/MM/DD'),'C','N');
Insert into SYSTEM.HANJU_BILL (BILL_ID,PRODUCT_ID,PRODUCT_COUNT,USER_ID,CDATETIME,STATUS,KIND) values ('143','97',1,'user1',to_date('24/10/07','RR/MM/DD'),'S','N');
Insert into SYSTEM.HANJU_BILL (BILL_ID,PRODUCT_ID,PRODUCT_COUNT,USER_ID,CDATETIME,STATUS,KIND) values ('125','107',1,'user1',to_date('24/10/05','RR/MM/DD'),'B','N');
Insert into SYSTEM.HANJU_BILL (BILL_ID,PRODUCT_ID,PRODUCT_COUNT,USER_ID,CDATETIME,STATUS,KIND) values ('144','104',1,'user2',to_date('24/10/07','RR/MM/DD'),'C','N');
Insert into SYSTEM.HANJU_BILL (BILL_ID,PRODUCT_ID,PRODUCT_COUNT,USER_ID,CDATETIME,STATUS,KIND) values ('149','120',1,'user2',to_date('24/10/07','RR/MM/DD'),'C','P');
Insert into SYSTEM.HANJU_BILL (BILL_ID,PRODUCT_ID,PRODUCT_COUNT,USER_ID,CDATETIME,STATUS,KIND) values ('153','120',1,'user2',to_date('24/10/07','RR/MM/DD'),'B','P');
Insert into SYSTEM.HANJU_BILL (BILL_ID,PRODUCT_ID,PRODUCT_COUNT,USER_ID,CDATETIME,STATUS,KIND) values ('154','117',1,'user2',to_date('24/10/07','RR/MM/DD'),'B','P');
Insert into SYSTEM.HANJU_BILL (BILL_ID,PRODUCT_ID,PRODUCT_COUNT,USER_ID,CDATETIME,STATUS,KIND) values ('141','98',1,'user1',to_date('24/10/06','RR/MM/DD'),'B','P');
Insert into SYSTEM.HANJU_BILL (BILL_ID,PRODUCT_ID,PRODUCT_COUNT,USER_ID,CDATETIME,STATUS,KIND) values ('155','118',1,'user2',to_date('24/10/07','RR/MM/DD'),'B','P');
Insert into SYSTEM.HANJU_BILL (BILL_ID,PRODUCT_ID,PRODUCT_COUNT,USER_ID,CDATETIME,STATUS,KIND) values ('157','97',1,'user2',to_date('24/10/07','RR/MM/DD'),'C','N');
Insert into SYSTEM.HANJU_BILL (BILL_ID,PRODUCT_ID,PRODUCT_COUNT,USER_ID,CDATETIME,STATUS,KIND) values ('158','90',1,'user2',to_date('24/10/07','RR/MM/DD'),'C','N');
Insert into SYSTEM.HANJU_BILL (BILL_ID,PRODUCT_ID,PRODUCT_COUNT,USER_ID,CDATETIME,STATUS,KIND) values ('159','92',1,'user2',to_date('24/10/07','RR/MM/DD'),'C','N');
Insert into SYSTEM.HANJU_BILL (BILL_ID,PRODUCT_ID,PRODUCT_COUNT,USER_ID,CDATETIME,STATUS,KIND) values ('160','103',1,'user2',to_date('24/10/07','RR/MM/DD'),'C','N');
Insert into SYSTEM.HANJU_BILL (BILL_ID,PRODUCT_ID,PRODUCT_COUNT,USER_ID,CDATETIME,STATUS,KIND) values ('161','104',1,'user2',to_date('24/10/07','RR/MM/DD'),'C','N');
Insert into SYSTEM.HANJU_BILL (BILL_ID,PRODUCT_ID,PRODUCT_COUNT,USER_ID,CDATETIME,STATUS,KIND) values ('126','89',1,'user1',to_date('24/10/05','RR/MM/DD'),'S','N');
Insert into SYSTEM.HANJU_BILL (BILL_ID,PRODUCT_ID,PRODUCT_COUNT,USER_ID,CDATETIME,STATUS,KIND) values ('122','97',1,'user1',to_date('24/10/05','RR/MM/DD'),'B','N');
Insert into SYSTEM.HANJU_BILL (BILL_ID,PRODUCT_ID,PRODUCT_COUNT,USER_ID,CDATETIME,STATUS,KIND) values ('123','90',1,'user1',to_date('24/10/05','RR/MM/DD'),'B','N');
Insert into SYSTEM.HANJU_BILL (BILL_ID,PRODUCT_ID,PRODUCT_COUNT,USER_ID,CDATETIME,STATUS,KIND) values ('128','94',1,'user1',to_date('24/10/05','RR/MM/DD'),'B','P');
Insert into SYSTEM.HANJU_BILL (BILL_ID,PRODUCT_ID,PRODUCT_COUNT,USER_ID,CDATETIME,STATUS,KIND) values ('131','117',1,'user1',to_date('24/10/05','RR/MM/DD'),'B','P');
Insert into SYSTEM.HANJU_BILL (BILL_ID,PRODUCT_ID,PRODUCT_COUNT,USER_ID,CDATETIME,STATUS,KIND) values ('132','112',1,'user1',to_date('24/10/05','RR/MM/DD'),'B','N');
Insert into SYSTEM.HANJU_BILL (BILL_ID,PRODUCT_ID,PRODUCT_COUNT,USER_ID,CDATETIME,STATUS,KIND) values ('133','113',1,'user1',to_date('24/10/05','RR/MM/DD'),'B','N');
Insert into SYSTEM.HANJU_BILL (BILL_ID,PRODUCT_ID,PRODUCT_COUNT,USER_ID,CDATETIME,STATUS,KIND) values ('134','114',1,'user1',to_date('24/10/05','RR/MM/DD'),'C','N');
Insert into SYSTEM.HANJU_BILL (BILL_ID,PRODUCT_ID,PRODUCT_COUNT,USER_ID,CDATETIME,STATUS,KIND) values ('135','115',1,'user1',to_date('24/10/05','RR/MM/DD'),'B','N');
Insert into SYSTEM.HANJU_BILL (BILL_ID,PRODUCT_ID,PRODUCT_COUNT,USER_ID,CDATETIME,STATUS,KIND) values ('162','90',1,'user1',to_date('24/10/07','RR/MM/DD'),'S','N');
Insert into SYSTEM.HANJU_BILL (BILL_ID,PRODUCT_ID,PRODUCT_COUNT,USER_ID,CDATETIME,STATUS,KIND) values ('167','90',1,'user1',to_date('24/10/11','RR/MM/DD'),'B','N');
Insert into SYSTEM.HANJU_BILL (BILL_ID,PRODUCT_ID,PRODUCT_COUNT,USER_ID,CDATETIME,STATUS,KIND) values ('165','115',3,'user1',to_date('24/10/11','RR/MM/DD'),'B','N');
Insert into SYSTEM.HANJU_BILL (BILL_ID,PRODUCT_ID,PRODUCT_COUNT,USER_ID,CDATETIME,STATUS,KIND) values ('166','98',1,'user1',to_date('24/10/11','RR/MM/DD'),'B','P');
REM INSERTING into SYSTEM.HANJU_CART
SET DEFINE OFF;
Insert into SYSTEM.HANJU_CART (USER_ID,PRODUCT_ID,PRODUCT_COUNT,CDATETIME,KIND,STORE_ID,PICKUP_DATE,CART_ID) values ('test','92','1',to_date('24/10/11','RR/MM/DD'),'N',null,null,'85');
Insert into SYSTEM.HANJU_CART (USER_ID,PRODUCT_ID,PRODUCT_COUNT,CDATETIME,KIND,STORE_ID,PICKUP_DATE,CART_ID) values ('test','98','1',to_date('24/10/11','RR/MM/DD'),'P','2','24/10/24','86');
Insert into SYSTEM.HANJU_CART (USER_ID,PRODUCT_ID,PRODUCT_COUNT,CDATETIME,KIND,STORE_ID,PICKUP_DATE,CART_ID) values ('haaa','92','1',to_date('24/10/07','RR/MM/DD'),'N',null,null,'81');
Insert into SYSTEM.HANJU_CART (USER_ID,PRODUCT_ID,PRODUCT_COUNT,CDATETIME,KIND,STORE_ID,PICKUP_DATE,CART_ID) values ('test','90','1',to_date('24/10/11','RR/MM/DD'),'N',null,null,'84');
Insert into SYSTEM.HANJU_CART (USER_ID,PRODUCT_ID,PRODUCT_COUNT,CDATETIME,KIND,STORE_ID,PICKUP_DATE,CART_ID) values ('user3','97','1',to_date('24/10/11','RR/MM/DD'),'N',null,null,'87');
Insert into SYSTEM.HANJU_CART (USER_ID,PRODUCT_ID,PRODUCT_COUNT,CDATETIME,KIND,STORE_ID,PICKUP_DATE,CART_ID) values ('user3','98','1',to_date('24/10/11','RR/MM/DD'),'P','1','24/10/27','88');
Insert into SYSTEM.HANJU_CART (USER_ID,PRODUCT_ID,PRODUCT_COUNT,CDATETIME,KIND,STORE_ID,PICKUP_DATE,CART_ID) values ('test','97','4',to_date('24/10/11','RR/MM/DD'),'N',null,null,'83');
Insert into SYSTEM.HANJU_CART (USER_ID,PRODUCT_ID,PRODUCT_COUNT,CDATETIME,KIND,STORE_ID,PICKUP_DATE,CART_ID) values ('user1','97','1',to_date('24/10/11','RR/MM/DD'),'N',null,null,'89');
REM INSERTING into SYSTEM.HANJU_CODE
SET DEFINE OFF;
Insert into SYSTEM.HANJU_CODE (KIND,CODE_NAME,CODE,CODE_FULL,PARENT_CODE) values ('BILL_STATUS','픽업준비','BP','BEFORE PICKUP',null);
Insert into SYSTEM.HANJU_CODE (KIND,CODE_NAME,CODE,CODE_FULL,PARENT_CODE) values ('BILL_STATUS','픽업완료','EP','END PICKUP',null);
Insert into SYSTEM.HANJU_CODE (KIND,CODE_NAME,CODE,CODE_FULL,PARENT_CODE) values ('PRODUCT_CODE','화이트와인','WW','WHITE WINE','W');
Insert into SYSTEM.HANJU_CODE (KIND,CODE_NAME,CODE,CODE_FULL,PARENT_CODE) values ('PRODUCT_CODE','레드와인','RW','RED WINE','W');
Insert into SYSTEM.HANJU_CODE (KIND,CODE_NAME,CODE,CODE_FULL,PARENT_CODE) values ('IMAGE_STATUS','썸네일','T','THUMBNAIL',null);
Insert into SYSTEM.HANJU_CODE (KIND,CODE_NAME,CODE,CODE_FULL,PARENT_CODE) values ('IMAGE_STATUS','제품 이미지','P','PRODUCT',null);
Insert into SYSTEM.HANJU_CODE (KIND,CODE_NAME,CODE,CODE_FULL,PARENT_CODE) values ('IMAGE_STATUS','상세정보 이미지','D','DETAIL',null);
Insert into SYSTEM.HANJU_CODE (KIND,CODE_NAME,CODE,CODE_FULL,PARENT_CODE) values ('CART_KIND','픽업','P','PICKUP',null);
Insert into SYSTEM.HANJU_CODE (KIND,CODE_NAME,CODE,CODE_FULL,PARENT_CODE) values ('BILL_STATUS','결제완료','B','BILL',null);
Insert into SYSTEM.HANJU_CODE (KIND,CODE_NAME,CODE,CODE_FULL,PARENT_CODE) values ('BILL_STATUS','배송중','S','SHIP',null);
Insert into SYSTEM.HANJU_CODE (KIND,CODE_NAME,CODE,CODE_FULL,PARENT_CODE) values ('BILL_STATUS','배송완료','C','COMPLETE',null);
Insert into SYSTEM.HANJU_CODE (KIND,CODE_NAME,CODE,CODE_FULL,PARENT_CODE) values ('CART_KIND','일반','N','NORMAL',null);
Insert into SYSTEM.HANJU_CODE (KIND,CODE_NAME,CODE,CODE_FULL,PARENT_CODE) values ('CART_KIND','펀딩','F','FUNDING',null);
Insert into SYSTEM.HANJU_CODE (KIND,CODE_NAME,CODE,CODE_FULL,PARENT_CODE) values ('CART_KIND','그룹','G','GROUP',null);
Insert into SYSTEM.HANJU_CODE (KIND,CODE_NAME,CODE,CODE_FULL,PARENT_CODE) values ('USER_STATUS','일반회원','C','CUSTOMER',null);
Insert into SYSTEM.HANJU_CODE (KIND,CODE_NAME,CODE,CODE_FULL,PARENT_CODE) values ('USER_STATUS','사업자','S','SELLER',null);
Insert into SYSTEM.HANJU_CODE (KIND,CODE_NAME,CODE,CODE_FULL,PARENT_CODE) values ('USER_STATUS','관리자','A','SYSTEM',null);
Insert into SYSTEM.HANJU_CODE (KIND,CODE_NAME,CODE,CODE_FULL,PARENT_CODE) values ('PRODUCT_CODE','전통주','T','TRADITIONAL',null);
Insert into SYSTEM.HANJU_CODE (KIND,CODE_NAME,CODE,CODE_FULL,PARENT_CODE) values ('PRODUCT_CODE','와인','W','WINE',null);
Insert into SYSTEM.HANJU_CODE (KIND,CODE_NAME,CODE,CODE_FULL,PARENT_CODE) values ('PRODUCT_CODE','전통주 선물세트','G','GIFTSET','T');
Insert into SYSTEM.HANJU_CODE (KIND,CODE_NAME,CODE,CODE_FULL,PARENT_CODE) values ('PRODUCT_CODE','탁주','TJ','TAKJU','T');
Insert into SYSTEM.HANJU_CODE (KIND,CODE_NAME,CODE,CODE_FULL,PARENT_CODE) values ('PRODUCT_CODE','청주','CJ','CHUNGJU','T');
Insert into SYSTEM.HANJU_CODE (KIND,CODE_NAME,CODE,CODE_FULL,PARENT_CODE) values ('PRODUCT_CODE','증류주','SJ','SOJU','T');
Insert into SYSTEM.HANJU_CODE (KIND,CODE_NAME,CODE,CODE_FULL,PARENT_CODE) values ('PRODUCT_CODE','과실주','FJ','FRUITJU','T');
Insert into SYSTEM.HANJU_CODE (KIND,CODE_NAME,CODE,CODE_FULL,PARENT_CODE) values ('PRODUCT_CODE','전통주와인','TW','TRADITION WINE','T');
REM INSERTING into SYSTEM.HANJU_COMMENT
SET DEFINE OFF;
Insert into SYSTEM.HANJU_COMMENT (COMMENT_ID,BILL_ID,USER_ID,CONTENT,GRADE,CDATETIME,PARENT_ID) values ('183','138','user1','김포공항 가는김에 샀는데 별로네요...','1','24/10/05',null);
Insert into SYSTEM.HANJU_COMMENT (COMMENT_ID,BILL_ID,USER_ID,CONTENT,GRADE,CDATETIME,PARENT_ID) values ('186','140','user1','요새애들이 먹는거라 해서 사봤습니다. 어려지는 맛입니다.','3','24/10/07',null);
Insert into SYSTEM.HANJU_COMMENT (COMMENT_ID,BILL_ID,USER_ID,CONTENT,GRADE,CDATETIME,PARENT_ID) values ('201','139','user1','맛이 별로에요','5','24/10/11',null);
Insert into SYSTEM.HANJU_COMMENT (COMMENT_ID,BILL_ID,USER_ID,CONTENT,GRADE,CDATETIME,PARENT_ID) values ('182','136','user1','호호호호호 비웃음나는맛입니다.','4','24/10/05',null);
Insert into SYSTEM.HANJU_COMMENT (COMMENT_ID,BILL_ID,USER_ID,CONTENT,GRADE,CDATETIME,PARENT_ID) values ('194','151','user2','제 취향은 아니였어요. ','3','24/10/07',null);
Insert into SYSTEM.HANJU_COMMENT (COMMENT_ID,BILL_ID,USER_ID,CONTENT,GRADE,CDATETIME,PARENT_ID) values ('181','137','user1','호박이라 호박죽같아요.','4','24/10/05',null);
Insert into SYSTEM.HANJU_COMMENT (COMMENT_ID,BILL_ID,USER_ID,CONTENT,GRADE,CDATETIME,PARENT_ID) values ('188','145','user2','슴슴하고 자극적이지 않아 가볍게 즐기기 좋습니다.','5','24/10/07',null);
Insert into SYSTEM.HANJU_COMMENT (COMMENT_ID,BILL_ID,USER_ID,CONTENT,GRADE,CDATETIME,PARENT_ID) values ('190','144','user2','비싼감이 있지만 맛은 최고
색다른 맛에 더욱 기분 좋아요','5','24/10/07',null);
Insert into SYSTEM.HANJU_COMMENT (COMMENT_ID,BILL_ID,USER_ID,CONTENT,GRADE,CDATETIME,PARENT_ID) values ('191','147','user2','분위기 내기 좋았어요~~~다음에는 다른 맛도 주문해보려구요!!!','5','24/10/07',null);
Insert into SYSTEM.HANJU_COMMENT (COMMENT_ID,BILL_ID,USER_ID,CONTENT,GRADE,CDATETIME,PARENT_ID) values ('192','146','user2','식후에 안주없이 마셨는데 정말 맛있네요. 도수도 적당하고 달달한 꿀향도 좋습니다.','5','24/10/07',null);
Insert into SYSTEM.HANJU_COMMENT (COMMENT_ID,BILL_ID,USER_ID,CONTENT,GRADE,CDATETIME,PARENT_ID) values ('193','150','user2','맛있게 먹었네요^^','5','24/10/07',null);
Insert into SYSTEM.HANJU_COMMENT (COMMENT_ID,BILL_ID,USER_ID,CONTENT,GRADE,CDATETIME,PARENT_ID) values ('189','148','user2','상큼한 유자 마치 내 미소같이><','5','24/10/07',null);
Insert into SYSTEM.HANJU_COMMENT (COMMENT_ID,BILL_ID,USER_ID,CONTENT,GRADE,CDATETIME,PARENT_ID) values ('195','149','user2','맛은 있는데 너무 비싸네요  ㅠㅠ','4','24/10/07',null);
Insert into SYSTEM.HANJU_COMMENT (COMMENT_ID,BILL_ID,USER_ID,CONTENT,GRADE,CDATETIME,PARENT_ID) values ('187','134','user1','이유가 있겠죠?
날씨에 따라 바뀌는 제 감정에 이끌려 샀습니다.','5','24/10/07',null);
REM INSERTING into SYSTEM.HANJU_FAVORITE
SET DEFINE OFF;
Insert into SYSTEM.HANJU_FAVORITE (USER_ID,PRODUCT_ID,CDATETIME) values ('user1','97','24/10/11');
Insert into SYSTEM.HANJU_FAVORITE (USER_ID,PRODUCT_ID,CDATETIME) values ('user4','103','24/10/07');
Insert into SYSTEM.HANJU_FAVORITE (USER_ID,PRODUCT_ID,CDATETIME) values ('user4','88','24/10/07');
Insert into SYSTEM.HANJU_FAVORITE (USER_ID,PRODUCT_ID,CDATETIME) values ('user4','89','24/10/07');
Insert into SYSTEM.HANJU_FAVORITE (USER_ID,PRODUCT_ID,CDATETIME) values ('haaa','90','07-OCT-24');
Insert into SYSTEM.HANJU_FAVORITE (USER_ID,PRODUCT_ID,CDATETIME) values ('user1','90','24/10/11');
Insert into SYSTEM.HANJU_FAVORITE (USER_ID,PRODUCT_ID,CDATETIME) values ('user1','103','24/10/07');
Insert into SYSTEM.HANJU_FAVORITE (USER_ID,PRODUCT_ID,CDATETIME) values ('user4','110','24/10/07');
Insert into SYSTEM.HANJU_FAVORITE (USER_ID,PRODUCT_ID,CDATETIME) values ('user4','100','24/10/07');
REM INSERTING into SYSTEM.HANJU_FUNDING
SET DEFINE OFF;
Insert into SYSTEM.HANJU_FUNDING (FUNDING_ID,PRODUCT_ID,DESCRIPTION,TARGET_AMOUNT,START_DATE,END_DATE) values ('91','27','마시는 순간 호호~ 웃음이 절로 나오는 부드러운 단호박 막걸리',1000000,to_date('24/09/26','RR/MM/DD'),to_date('24/10/19','RR/MM/DD'));
REM INSERTING into SYSTEM.HANJU_FUNDING_BILL
SET DEFINE OFF;
Insert into SYSTEM.HANJU_FUNDING_BILL (FUNDING_ID,BILL_ID,OPTION_ID) values ('91','25','3');
REM INSERTING into SYSTEM.HANJU_FUNDING_OPTION
SET DEFINE OFF;
Insert into SYSTEM.HANJU_FUNDING_OPTION (OPTION_ID,FUNDING_ID,OPTION_NAME,OPTION_PRICE) values ('2','91','(얼리버드)1병',11000);
Insert into SYSTEM.HANJU_FUNDING_OPTION (OPTION_ID,FUNDING_ID,OPTION_NAME,OPTION_PRICE) values ('3','91','(얼리버드)2병',22000);
Insert into SYSTEM.HANJU_FUNDING_OPTION (OPTION_ID,FUNDING_ID,OPTION_NAME,OPTION_PRICE) values ('4','91','(얼리버드)3병',33000);
Insert into SYSTEM.HANJU_FUNDING_OPTION (OPTION_ID,FUNDING_ID,OPTION_NAME,OPTION_PRICE) values ('5','91','2병',25000);
Insert into SYSTEM.HANJU_FUNDING_OPTION (OPTION_ID,FUNDING_ID,OPTION_NAME,OPTION_PRICE) values ('6','91','3병',35000);
REM INSERTING into SYSTEM.HANJU_FUNDING_USER_STAT
SET DEFINE OFF;
REM INSERTING into SYSTEM.HANJU_GROUP_SELL
SET DEFINE OFF;
Insert into SYSTEM.HANJU_GROUP_SELL (GROUP_SELL_ID,TARGET_AMOUNT,START_DATE,END_DATE,DISCOUNT,PRODUCT_ID,DESCRIPTION) values ('167',50,to_date('24/10/05','RR/MM/DD'),to_date('24/11/21','RR/MM/DD'),40,'89','고흥 유자주 공동구매입니다! 많은 관심바랍니다.');
Insert into SYSTEM.HANJU_GROUP_SELL (GROUP_SELL_ID,TARGET_AMOUNT,START_DATE,END_DATE,DISCOUNT,PRODUCT_ID,DESCRIPTION) values ('169',20,to_date('24/10/05','RR/MM/DD'),to_date('24/10/30','RR/MM/DD'),10,'90','김포 특주 공동구매입니다~');
Insert into SYSTEM.HANJU_GROUP_SELL (GROUP_SELL_ID,TARGET_AMOUNT,START_DATE,END_DATE,DISCOUNT,PRODUCT_ID,DESCRIPTION) values ('165',60,to_date('24/10/05','RR/MM/DD'),to_date('24/10/10','RR/MM/DD'),20,'104','호호 막걸리입니다!');
Insert into SYSTEM.HANJU_GROUP_SELL (GROUP_SELL_ID,TARGET_AMOUNT,START_DATE,END_DATE,DISCOUNT,PRODUCT_ID,DESCRIPTION) values ('166',20,to_date('24/10/05','RR/MM/DD'),to_date('24/10/31','RR/MM/DD'),10,'96','붉은 원숭이 공동구매입니다! 많은 참여 바랍니다~');
Insert into SYSTEM.HANJU_GROUP_SELL (GROUP_SELL_ID,TARGET_AMOUNT,START_DATE,END_DATE,DISCOUNT,PRODUCT_ID,DESCRIPTION) values ('200',20,to_date('24/10/11','RR/MM/DD'),to_date('24/10/19','RR/MM/DD'),15,'131','호호입니다.');
Insert into SYSTEM.HANJU_GROUP_SELL (GROUP_SELL_ID,TARGET_AMOUNT,START_DATE,END_DATE,DISCOUNT,PRODUCT_ID,DESCRIPTION) values ('168',15,to_date('24/10/05','RR/MM/DD'),to_date('24/10/31','RR/MM/DD'),15,'100','온지 몬 공동구매입니다~');
REM INSERTING into SYSTEM.HANJU_GROUP_SELL_STAT
SET DEFINE OFF;
Insert into SYSTEM.HANJU_GROUP_SELL_STAT (GROUP_SELL_ID,USER_ID) values ('167','user1');
Insert into SYSTEM.HANJU_GROUP_SELL_STAT (GROUP_SELL_ID,USER_ID) values ('167','user1');
Insert into SYSTEM.HANJU_GROUP_SELL_STAT (GROUP_SELL_ID,USER_ID) values ('168','user1');
Insert into SYSTEM.HANJU_GROUP_SELL_STAT (GROUP_SELL_ID,USER_ID) values ('169','user1');
Insert into SYSTEM.HANJU_GROUP_SELL_STAT (GROUP_SELL_ID,USER_ID) values ('169','user1');
Insert into SYSTEM.HANJU_GROUP_SELL_STAT (GROUP_SELL_ID,USER_ID) values ('165','user2');
Insert into SYSTEM.HANJU_GROUP_SELL_STAT (GROUP_SELL_ID,USER_ID) values ('166','user1');
Insert into SYSTEM.HANJU_GROUP_SELL_STAT (GROUP_SELL_ID,USER_ID) values ('166','user1');
Insert into SYSTEM.HANJU_GROUP_SELL_STAT (GROUP_SELL_ID,USER_ID) values ('165','test');
Insert into SYSTEM.HANJU_GROUP_SELL_STAT (GROUP_SELL_ID,USER_ID) values ('165','user1');
Insert into SYSTEM.HANJU_GROUP_SELL_STAT (GROUP_SELL_ID,USER_ID) values ('165','user2');
Insert into SYSTEM.HANJU_GROUP_SELL_STAT (GROUP_SELL_ID,USER_ID) values ('165','SYSTEM');
Insert into SYSTEM.HANJU_GROUP_SELL_STAT (GROUP_SELL_ID,USER_ID) values ('165','user1');
Insert into SYSTEM.HANJU_GROUP_SELL_STAT (GROUP_SELL_ID,USER_ID) values ('165','user1');
Insert into SYSTEM.HANJU_GROUP_SELL_STAT (GROUP_SELL_ID,USER_ID) values ('169','SYSTEM');
Insert into SYSTEM.HANJU_GROUP_SELL_STAT (GROUP_SELL_ID,USER_ID) values ('165','user1');
Insert into SYSTEM.HANJU_GROUP_SELL_STAT (GROUP_SELL_ID,USER_ID) values ('165','SYSTEM');
Insert into SYSTEM.HANJU_GROUP_SELL_STAT (GROUP_SELL_ID,USER_ID) values ('166','user1');
Insert into SYSTEM.HANJU_GROUP_SELL_STAT (GROUP_SELL_ID,USER_ID) values ('165','user1');
Insert into SYSTEM.HANJU_GROUP_SELL_STAT (GROUP_SELL_ID,USER_ID) values ('166','user1');
Insert into SYSTEM.HANJU_GROUP_SELL_STAT (GROUP_SELL_ID,USER_ID) values ('166','user1');
Insert into SYSTEM.HANJU_GROUP_SELL_STAT (GROUP_SELL_ID,USER_ID) values ('166','user1');
Insert into SYSTEM.HANJU_GROUP_SELL_STAT (GROUP_SELL_ID,USER_ID) values ('166','user1');
Insert into SYSTEM.HANJU_GROUP_SELL_STAT (GROUP_SELL_ID,USER_ID) values ('166','user1');
Insert into SYSTEM.HANJU_GROUP_SELL_STAT (GROUP_SELL_ID,USER_ID) values ('166','user1');
Insert into SYSTEM.HANJU_GROUP_SELL_STAT (GROUP_SELL_ID,USER_ID) values ('168','user1');
Insert into SYSTEM.HANJU_GROUP_SELL_STAT (GROUP_SELL_ID,USER_ID) values ('167','user1');
Insert into SYSTEM.HANJU_GROUP_SELL_STAT (GROUP_SELL_ID,USER_ID) values ('167','user1');
Insert into SYSTEM.HANJU_GROUP_SELL_STAT (GROUP_SELL_ID,USER_ID) values ('168','user1');
Insert into SYSTEM.HANJU_GROUP_SELL_STAT (GROUP_SELL_ID,USER_ID) values ('169','user1');
Insert into SYSTEM.HANJU_GROUP_SELL_STAT (GROUP_SELL_ID,USER_ID) values ('169','user1');
Insert into SYSTEM.HANJU_GROUP_SELL_STAT (GROUP_SELL_ID,USER_ID) values ('169','user1');
Insert into SYSTEM.HANJU_GROUP_SELL_STAT (GROUP_SELL_ID,USER_ID) values ('169','user1');
Insert into SYSTEM.HANJU_GROUP_SELL_STAT (GROUP_SELL_ID,USER_ID) values ('169','user1');
Insert into SYSTEM.HANJU_GROUP_SELL_STAT (GROUP_SELL_ID,USER_ID) values ('165','user1');
Insert into SYSTEM.HANJU_GROUP_SELL_STAT (GROUP_SELL_ID,USER_ID) values ('165','user1');
Insert into SYSTEM.HANJU_GROUP_SELL_STAT (GROUP_SELL_ID,USER_ID) values ('165','user2');
Insert into SYSTEM.HANJU_GROUP_SELL_STAT (GROUP_SELL_ID,USER_ID) values ('165','user1');
Insert into SYSTEM.HANJU_GROUP_SELL_STAT (GROUP_SELL_ID,USER_ID) values ('165','user1');
Insert into SYSTEM.HANJU_GROUP_SELL_STAT (GROUP_SELL_ID,USER_ID) values ('165','user1');
Insert into SYSTEM.HANJU_GROUP_SELL_STAT (GROUP_SELL_ID,USER_ID) values ('166','user1');
Insert into SYSTEM.HANJU_GROUP_SELL_STAT (GROUP_SELL_ID,USER_ID) values ('165','user1');
Insert into SYSTEM.HANJU_GROUP_SELL_STAT (GROUP_SELL_ID,USER_ID) values ('165','user1');
Insert into SYSTEM.HANJU_GROUP_SELL_STAT (GROUP_SELL_ID,USER_ID) values ('167','user1');
Insert into SYSTEM.HANJU_GROUP_SELL_STAT (GROUP_SELL_ID,USER_ID) values ('165','SYSTEM');
Insert into SYSTEM.HANJU_GROUP_SELL_STAT (GROUP_SELL_ID,USER_ID) values ('169','SYSTEM');
Insert into SYSTEM.HANJU_GROUP_SELL_STAT (GROUP_SELL_ID,USER_ID) values ('169','SYSTEM');
Insert into SYSTEM.HANJU_GROUP_SELL_STAT (GROUP_SELL_ID,USER_ID) values ('169','SYSTEM');
Insert into SYSTEM.HANJU_GROUP_SELL_STAT (GROUP_SELL_ID,USER_ID) values ('166','user1');
REM INSERTING into SYSTEM.HANJU_IMAGE
SET DEFINE OFF;
Insert into SYSTEM.HANJU_IMAGE (IMAGE_ID,FK_ID,FILE_NAME,FILE_ORG_NAME,FILE_PATH,FILE_STATUS) values ('311','98','20249464386728950531.JPG','아스코니.JPG','/upload/20249464386728950531.JPG','T');
Insert into SYSTEM.HANJU_IMAGE (IMAGE_ID,FK_ID,FILE_NAME,FILE_ORG_NAME,FILE_PATH,FILE_STATUS) values ('297','91','202494558185494457834.JPG','꿈.JPG','/upload/202494558185494457834.JPG','P');
Insert into SYSTEM.HANJU_IMAGE (IMAGE_ID,FK_ID,FILE_NAME,FILE_ORG_NAME,FILE_PATH,FILE_STATUS) values ('309','97','20249463395430755639.JPG','서ㅓㅅㄹ.JPG','/upload/20249463395430755639.JPG','T');
Insert into SYSTEM.HANJU_IMAGE (IMAGE_ID,FK_ID,FILE_NAME,FILE_ORG_NAME,FILE_PATH,FILE_STATUS) values ('379','93','2024955943776135427.jpg','레알 디테일.jpg','/upload/2024955943776135427.jpg','D');
Insert into SYSTEM.HANJU_IMAGE (IMAGE_ID,FK_ID,FILE_NAME,FILE_ORG_NAME,FILE_PATH,FILE_STATUS) values ('381','117','202495516363126802101.jfif','썸네일.jfif','/upload/202495516363126802101.jfif','P');
Insert into SYSTEM.HANJU_IMAGE (IMAGE_ID,FK_ID,FILE_NAME,FILE_ORG_NAME,FILE_PATH,FILE_STATUS) values ('391','120','2024955223014190460911.jfif','썸네일.jfif','/upload/2024955223014190460911.jfif','P');
Insert into SYSTEM.HANJU_IMAGE (IMAGE_ID,FK_ID,FILE_NAME,FILE_ORG_NAME,FILE_PATH,FILE_STATUS) values ('392','120','2024955225176241310937.jpeg','디테일.jpeg','/upload/2024955225176241310937.jpeg','D');
Insert into SYSTEM.HANJU_IMAGE (IMAGE_ID,FK_ID,FILE_NAME,FILE_ORG_NAME,FILE_PATH,FILE_STATUS) values ('394','121','2024955235460621594757.jfif','썸네일.jfif','/upload/2024955235460621594757.jfif','T');
Insert into SYSTEM.HANJU_IMAGE (IMAGE_ID,FK_ID,FILE_NAME,FILE_ORG_NAME,FILE_PATH,FILE_STATUS) values ('399','123','202495527628051962352.jfif','썸네일.jfif','/upload/202495527628051962352.jfif','P');
Insert into SYSTEM.HANJU_IMAGE (IMAGE_ID,FK_ID,FILE_NAME,FILE_ORG_NAME,FILE_PATH,FILE_STATUS) values ('403','124','2024955282356240931706.jfif','썸네일.jfif','/upload/2024955282356240931706.jfif','T');
Insert into SYSTEM.HANJU_IMAGE (IMAGE_ID,FK_ID,FILE_NAME,FILE_ORG_NAME,FILE_PATH,FILE_STATUS) values ('404','124','2024955283996983149132.jpeg','디테일.jpeg','/upload/2024955283996983149132.jpeg','D');
Insert into SYSTEM.HANJU_IMAGE (IMAGE_ID,FK_ID,FILE_NAME,FILE_ORG_NAME,FILE_PATH,FILE_STATUS) values ('405','85','20249554223924.jpg','구독 썸네일.jpg','/upload/20249554223924.jpg','T');
Insert into SYSTEM.HANJU_IMAGE (IMAGE_ID,FK_ID,FILE_NAME,FILE_ORG_NAME,FILE_PATH,FILE_STATUS) values ('406','85','20249554245142.jpg','구독 썸네일.jpg','/upload/20249554245142.jpg','P');
Insert into SYSTEM.HANJU_IMAGE (IMAGE_ID,FK_ID,FILE_NAME,FILE_ORG_NAME,FILE_PATH,FILE_STATUS) values ('407','85','20249554258282.jpg','구독 디테일.jpg','/upload/20249554258282.jpg','D');
Insert into SYSTEM.HANJU_IMAGE (IMAGE_ID,FK_ID,FILE_NAME,FILE_ORG_NAME,FILE_PATH,FILE_STATUS) values ('408','104','2024955531185262806393.jpg','호호 디테일.jpg','/upload/2024955531185262806393.jpg','D');
Insert into SYSTEM.HANJU_IMAGE (IMAGE_ID,FK_ID,FILE_NAME,FILE_ORG_NAME,FILE_PATH,FILE_STATUS) values ('425','198','20249110324951098179503.jpg','hohoDetail.jpg','/upload/20249110324951098179503.jpg','D');
Insert into SYSTEM.HANJU_IMAGE (IMAGE_ID,FK_ID,FILE_NAME,FILE_ORG_NAME,FILE_PATH,FILE_STATUS) values ('290','87','202494554727749126077.jpg','경성.jpg','/upload/202494554727749126077.jpg','P');
Insert into SYSTEM.HANJU_IMAGE (IMAGE_ID,FK_ID,FILE_NAME,FILE_ORG_NAME,FILE_PATH,FILE_STATUS) values ('291','88','2024945544714122631065.JPG','고도리 복숭아.JPG','/upload/2024945544714122631065.JPG','P');
Insert into SYSTEM.HANJU_IMAGE (IMAGE_ID,FK_ID,FILE_NAME,FILE_ORG_NAME,FILE_PATH,FILE_STATUS) values ('293','89','202494555275587443710.JPG','고흥.JPG','/upload/202494555275587443710.JPG','P');
Insert into SYSTEM.HANJU_IMAGE (IMAGE_ID,FK_ID,FILE_NAME,FILE_ORG_NAME,FILE_PATH,FILE_STATUS) values ('295','90','202494557777539524628.jpeg','김포 특주.jpeg','/upload/202494557777539524628.jpeg','T');
Insert into SYSTEM.HANJU_IMAGE (IMAGE_ID,FK_ID,FILE_NAME,FILE_ORG_NAME,FILE_PATH,FILE_STATUS) values ('300','92','2024945585331859144927.JPG','녹파주.JPG','/upload/2024945585331859144927.JPG','T');
Insert into SYSTEM.HANJU_IMAGE (IMAGE_ID,FK_ID,FILE_NAME,FILE_ORG_NAME,FILE_PATH,FILE_STATUS) values ('302','93','2024945595292674342803.JPG','레알.JPG','/upload/2024945595292674342803.JPG','T');
Insert into SYSTEM.HANJU_IMAGE (IMAGE_ID,FK_ID,FILE_NAME,FILE_ORG_NAME,FILE_PATH,FILE_STATUS) values ('305','95','202494614691716826803.JPG','복단지.JPG','/upload/202494614691716826803.JPG','P');
Insert into SYSTEM.HANJU_IMAGE (IMAGE_ID,FK_ID,FILE_NAME,FILE_ORG_NAME,FILE_PATH,FILE_STATUS) values ('307','96','202494624714920375923.JPG','붉은.JPG','/upload/202494624714920375923.JPG','P');
Insert into SYSTEM.HANJU_IMAGE (IMAGE_ID,FK_ID,FILE_NAME,FILE_ORG_NAME,FILE_PATH,FILE_STATUS) values ('310','97','20249463395420955199.JPG','서ㅓㅅㄹ.JPG','/upload/20249463395420955199.JPG','P');
Insert into SYSTEM.HANJU_IMAGE (IMAGE_ID,FK_ID,FILE_NAME,FILE_ORG_NAME,FILE_PATH,FILE_STATUS) values ('313','99','202494653066090092684.JPG','명인 안동.JPG','/upload/202494653066090092684.JPG','P');
Insert into SYSTEM.HANJU_IMAGE (IMAGE_ID,FK_ID,FILE_NAME,FILE_ORG_NAME,FILE_PATH,FILE_STATUS) values ('317','101','202494673078838320140.jpeg','지란.jpeg','/upload/202494673078838320140.jpeg','T');
Insert into SYSTEM.HANJU_IMAGE (IMAGE_ID,FK_ID,FILE_NAME,FILE_ORG_NAME,FILE_PATH,FILE_STATUS) values ('319','102','202494681721277343268.JPG','필 25.JPG','/upload/202494681721277343268.JPG','P');
Insert into SYSTEM.HANJU_IMAGE (IMAGE_ID,FK_ID,FILE_NAME,FILE_ORG_NAME,FILE_PATH,FILE_STATUS) values ('322','103','20249469493595719954.JPG','필40.JPG','/upload/20249469493595719954.JPG','T');
Insert into SYSTEM.HANJU_IMAGE (IMAGE_ID,FK_ID,FILE_NAME,FILE_ORG_NAME,FILE_PATH,FILE_STATUS) values ('324','104','2024946955697850118.JPG','호호.JPG','/upload/2024946955697850118.JPG','T');
Insert into SYSTEM.HANJU_IMAGE (IMAGE_ID,FK_ID,FILE_NAME,FILE_ORG_NAME,FILE_PATH,FILE_STATUS) values ('327','106','2024946124035259711643.JPG','꿀샘.JPG','/upload/2024946124035259711643.JPG','T');
Insert into SYSTEM.HANJU_IMAGE (IMAGE_ID,FK_ID,FILE_NAME,FILE_ORG_NAME,FILE_PATH,FILE_STATUS) values ('329','107','2024946132946259992250.JPG','나루 생막걸리.JPG','/upload/2024946132946259992250.JPG','T');
Insert into SYSTEM.HANJU_IMAGE (IMAGE_ID,FK_ID,FILE_NAME,FILE_ORG_NAME,FILE_PATH,FILE_STATUS) values ('331','108','2024946142957345748631.JPG','동학.JPG','/upload/2024946142957345748631.JPG','T');
Insert into SYSTEM.HANJU_IMAGE (IMAGE_ID,FK_ID,FILE_NAME,FILE_ORG_NAME,FILE_PATH,FILE_STATUS) values ('333','109','2024946154191724731425.JPG','대대포 블루.JPG','/upload/2024946154191724731425.JPG','P');
Insert into SYSTEM.HANJU_IMAGE (IMAGE_ID,FK_ID,FILE_NAME,FILE_ORG_NAME,FILE_PATH,FILE_STATUS) values ('335','110','202494616408552989095.JPG','신애유자.JPG','/upload/202494616408552989095.JPG','P');
Insert into SYSTEM.HANJU_IMAGE (IMAGE_ID,FK_ID,FILE_NAME,FILE_ORG_NAME,FILE_PATH,FILE_STATUS) values ('337','111','2024946173060038463666.JPG','스윗마마.JPG','/upload/2024946173060038463666.JPG','P');
Insert into SYSTEM.HANJU_IMAGE (IMAGE_ID,FK_ID,FILE_NAME,FILE_ORG_NAME,FILE_PATH,FILE_STATUS) values ('339','112','2024946182042369078781.JPG','라라.JPG','/upload/2024946182042369078781.JPG','P');
Insert into SYSTEM.HANJU_IMAGE (IMAGE_ID,FK_ID,FILE_NAME,FILE_ORG_NAME,FILE_PATH,FILE_STATUS) values ('341','113','20249461948679698511.JPG','선호 생막걸리.JPG','/upload/20249461948679698511.JPG','P');
Insert into SYSTEM.HANJU_IMAGE (IMAGE_ID,FK_ID,FILE_NAME,FILE_ORG_NAME,FILE_PATH,FILE_STATUS) values ('343','114','20249462001713074495.JPG','모든날에.JPG','/upload/20249462001713074495.JPG','P');
Insert into SYSTEM.HANJU_IMAGE (IMAGE_ID,FK_ID,FILE_NAME,FILE_ORG_NAME,FILE_PATH,FILE_STATUS) values ('345','115','2024946205217348234210.JPG','요새로제.JPG','/upload/2024946205217348234210.JPG','P');
Insert into SYSTEM.HANJU_IMAGE (IMAGE_ID,FK_ID,FILE_NAME,FILE_ORG_NAME,FILE_PATH,FILE_STATUS) values ('348','116','2024946214243520711571.JPG','제주 유채.JPG','/upload/2024946214243520711571.JPG','P');
Insert into SYSTEM.HANJU_IMAGE (IMAGE_ID,FK_ID,FILE_NAME,FILE_ORG_NAME,FILE_PATH,FILE_STATUS) values ('355','96','202494625348268008026.jpg','붉은 원숭이 상세.jpg','/upload/202494625348268008026.jpg','D');
Insert into SYSTEM.HANJU_IMAGE (IMAGE_ID,FK_ID,FILE_NAME,FILE_ORG_NAME,FILE_PATH,FILE_STATUS) values ('356','99','2024946254618158443639.jpg','안동소주 상세.jpg','/upload/2024946254618158443639.jpg','D');
Insert into SYSTEM.HANJU_IMAGE (IMAGE_ID,FK_ID,FILE_NAME,FILE_ORG_NAME,FILE_PATH,FILE_STATUS) values ('359','107','2024946265430621206933.jpeg','나루 생막걸리 상세.jpeg','/upload/2024946265430621206933.jpeg','D');
Insert into SYSTEM.HANJU_IMAGE (IMAGE_ID,FK_ID,FILE_NAME,FILE_ORG_NAME,FILE_PATH,FILE_STATUS) values ('360','108','2024946271889940155288.jpeg','동학 1957 특선 상세.jpeg','/upload/2024946271889940155288.jpeg','D');
Insert into SYSTEM.HANJU_IMAGE (IMAGE_ID,FK_ID,FILE_NAME,FILE_ORG_NAME,FILE_PATH,FILE_STATUS) values ('361','109','2024946273868067663116.jpeg','대대포 블루 상세.jpeg','/upload/2024946273868067663116.jpeg','D');
Insert into SYSTEM.HANJU_IMAGE (IMAGE_ID,FK_ID,FILE_NAME,FILE_ORG_NAME,FILE_PATH,FILE_STATUS) values ('362','110','202494628019219262772.jpeg','신애유자 상세.jpeg','/upload/202494628019219262772.jpeg','D');
Insert into SYSTEM.HANJU_IMAGE (IMAGE_ID,FK_ID,FILE_NAME,FILE_ORG_NAME,FILE_PATH,FILE_STATUS) values ('363','111','2024946281840364343362.jpeg','스윗마마 상세.jpeg','/upload/2024946281840364343362.jpeg','D');
Insert into SYSTEM.HANJU_IMAGE (IMAGE_ID,FK_ID,FILE_NAME,FILE_ORG_NAME,FILE_PATH,FILE_STATUS) values ('364','112','2024946283684058474524.jpeg','라라 상세.jpeg','/upload/2024946283684058474524.jpeg','D');
Insert into SYSTEM.HANJU_IMAGE (IMAGE_ID,FK_ID,FILE_NAME,FILE_ORG_NAME,FILE_PATH,FILE_STATUS) values ('365','113','2024946285614069429392.jpeg','선호 생막걸리 상세.jpeg','/upload/2024946285614069429392.jpeg','D');
Insert into SYSTEM.HANJU_IMAGE (IMAGE_ID,FK_ID,FILE_NAME,FILE_ORG_NAME,FILE_PATH,FILE_STATUS) values ('366','114','20249462924875834380.jpeg','모든날에 상세.jpeg','/upload/20249462924875834380.jpeg','D');
Insert into SYSTEM.HANJU_IMAGE (IMAGE_ID,FK_ID,FILE_NAME,FILE_ORG_NAME,FILE_PATH,FILE_STATUS) values ('367','115','2024946294351398748948.jpeg','요새로제 상세.jpeg','/upload/2024946294351398748948.jpeg','D');
Insert into SYSTEM.HANJU_IMAGE (IMAGE_ID,FK_ID,FILE_NAME,FILE_ORG_NAME,FILE_PATH,FILE_STATUS) values ('368','95','202494630050615015955.jpg','복단지 상세.jpg','/upload/202494630050615015955.jpg','D');
Insert into SYSTEM.HANJU_IMAGE (IMAGE_ID,FK_ID,FILE_NAME,FILE_ORG_NAME,FILE_PATH,FILE_STATUS) values ('369','86','2024946302527834389255.jpg','궁중술 왕주 상세.jpg','/upload/2024946302527834389255.jpg','D');
Insert into SYSTEM.HANJU_IMAGE (IMAGE_ID,FK_ID,FILE_NAME,FILE_ORG_NAME,FILE_PATH,FILE_STATUS) values ('370','87','2024946305730214344138.jpg','경성과하주 상세.jpg','/upload/2024946305730214344138.jpg','D');
Insert into SYSTEM.HANJU_IMAGE (IMAGE_ID,FK_ID,FILE_NAME,FILE_ORG_NAME,FILE_PATH,FILE_STATUS) values ('371','97','2024946311927594626661.jpg','서설 상세.jpg','/upload/2024946311927594626661.jpg','D');
Insert into SYSTEM.HANJU_IMAGE (IMAGE_ID,FK_ID,FILE_NAME,FILE_ORG_NAME,FILE_PATH,FILE_STATUS) values ('410','181','20249561353137269214.jpg','호호리뷰.jpg','/upload/20249561353137269214.jpg','R');
Insert into SYSTEM.HANJU_IMAGE (IMAGE_ID,FK_ID,FILE_NAME,FILE_ORG_NAME,FILE_PATH,FILE_STATUS) values ('411','182','20249562060792955100.jpg','호호리뷰2.jpg','/upload/20249562060792955100.jpg','R');
Insert into SYSTEM.HANJU_IMAGE (IMAGE_ID,FK_ID,FILE_NAME,FILE_ORG_NAME,FILE_PATH,FILE_STATUS) values ('412','183','20249567486246605342.JPG','20248275245482.JPG','/upload/20249567486246605342.JPG','R');
Insert into SYSTEM.HANJU_IMAGE (IMAGE_ID,FK_ID,FILE_NAME,FILE_ORG_NAME,FILE_PATH,FILE_STATUS) values ('287','86','2024945532539963856929.JPG','왕주.JPG','/upload/2024945532539963856929.JPG','P');
Insert into SYSTEM.HANJU_IMAGE (IMAGE_ID,FK_ID,FILE_NAME,FILE_ORG_NAME,FILE_PATH,FILE_STATUS) values ('304','94','202494605240624155118.JPG','배비치.JPG','/upload/202494605240624155118.JPG','T');
Insert into SYSTEM.HANJU_IMAGE (IMAGE_ID,FK_ID,FILE_NAME,FILE_ORG_NAME,FILE_PATH,FILE_STATUS) values ('314','99','202494653066018127265.JPG','명인 안동.JPG','/upload/202494653066018127265.JPG','T');
Insert into SYSTEM.HANJU_IMAGE (IMAGE_ID,FK_ID,FILE_NAME,FILE_ORG_NAME,FILE_PATH,FILE_STATUS) values ('315','100','20249466241999413615.jpg','온지.jpg','/upload/20249466241999413615.jpg','T');
Insert into SYSTEM.HANJU_IMAGE (IMAGE_ID,FK_ID,FILE_NAME,FILE_ORG_NAME,FILE_PATH,FILE_STATUS) values ('318','101','20249467307887383289.jpeg','지란.jpeg','/upload/20249467307887383289.jpeg','P');
Insert into SYSTEM.HANJU_IMAGE (IMAGE_ID,FK_ID,FILE_NAME,FILE_ORG_NAME,FILE_PATH,FILE_STATUS) values ('325','105','2024946113932885351307.JPG','구름을 벗삼아.JPG','/upload/2024946113932885351307.JPG','T');
Insert into SYSTEM.HANJU_IMAGE (IMAGE_ID,FK_ID,FILE_NAME,FILE_ORG_NAME,FILE_PATH,FILE_STATUS) values ('419','189','202497495686753875821.JPG','캡처.JPG','/upload/202497495686753875821.JPG','R');
Insert into SYSTEM.HANJU_IMAGE (IMAGE_ID,FK_ID,FILE_NAME,FILE_ORG_NAME,FILE_PATH,FILE_STATUS) values ('421','130','20249110304873419942734.jpg','hoho-thumb.jpg','/upload/20249110304873419942734.jpg','T');
Insert into SYSTEM.HANJU_IMAGE (IMAGE_ID,FK_ID,FILE_NAME,FILE_ORG_NAME,FILE_PATH,FILE_STATUS) values ('292','88','2024945544714146876299.JPG','고도리 복숭아.JPG','/upload/2024945544714146876299.JPG','T');
Insert into SYSTEM.HANJU_IMAGE (IMAGE_ID,FK_ID,FILE_NAME,FILE_ORG_NAME,FILE_PATH,FILE_STATUS) values ('294','89','2024945552755895932006.JPG','고흥.JPG','/upload/2024945552755895932006.JPG','T');
Insert into SYSTEM.HANJU_IMAGE (IMAGE_ID,FK_ID,FILE_NAME,FILE_ORG_NAME,FILE_PATH,FILE_STATUS) values ('288','86','2024945532539849193506.JPG','왕주.JPG','/upload/2024945532539849193506.JPG','T');
Insert into SYSTEM.HANJU_IMAGE (IMAGE_ID,FK_ID,FILE_NAME,FILE_ORG_NAME,FILE_PATH,FILE_STATUS) values ('289','87','202494554727648182157.jpg','경성.jpg','/upload/202494554727648182157.jpg','T');
Insert into SYSTEM.HANJU_IMAGE (IMAGE_ID,FK_ID,FILE_NAME,FILE_ORG_NAME,FILE_PATH,FILE_STATUS) values ('296','90','20249455777761748364.jpeg','김포 특주.jpeg','/upload/20249455777761748364.jpeg','P');
Insert into SYSTEM.HANJU_IMAGE (IMAGE_ID,FK_ID,FILE_NAME,FILE_ORG_NAME,FILE_PATH,FILE_STATUS) values ('298','91','202494558185545153612.JPG','꿈.JPG','/upload/202494558185545153612.JPG','T');
Insert into SYSTEM.HANJU_IMAGE (IMAGE_ID,FK_ID,FILE_NAME,FILE_ORG_NAME,FILE_PATH,FILE_STATUS) values ('299','92','2024945585331810733582.JPG','녹파주.JPG','/upload/2024945585331810733582.JPG','P');
Insert into SYSTEM.HANJU_IMAGE (IMAGE_ID,FK_ID,FILE_NAME,FILE_ORG_NAME,FILE_PATH,FILE_STATUS) values ('301','93','2024945595292635191102.JPG','레알.JPG','/upload/2024945595292635191102.JPG','P');
Insert into SYSTEM.HANJU_IMAGE (IMAGE_ID,FK_ID,FILE_NAME,FILE_ORG_NAME,FILE_PATH,FILE_STATUS) values ('303','94','202494605240745901689.JPG','배비치.JPG','/upload/202494605240745901689.JPG','P');
Insert into SYSTEM.HANJU_IMAGE (IMAGE_ID,FK_ID,FILE_NAME,FILE_ORG_NAME,FILE_PATH,FILE_STATUS) values ('306','95','202494614691626269950.JPG','복단지.JPG','/upload/202494614691626269950.JPG','T');
Insert into SYSTEM.HANJU_IMAGE (IMAGE_ID,FK_ID,FILE_NAME,FILE_ORG_NAME,FILE_PATH,FILE_STATUS) values ('308','96','202494624714944863150.JPG','붉은.JPG','/upload/202494624714944863150.JPG','T');
Insert into SYSTEM.HANJU_IMAGE (IMAGE_ID,FK_ID,FILE_NAME,FILE_ORG_NAME,FILE_PATH,FILE_STATUS) values ('312','98','20249464386773595268.JPG','아스코니.JPG','/upload/20249464386773595268.JPG','P');
Insert into SYSTEM.HANJU_IMAGE (IMAGE_ID,FK_ID,FILE_NAME,FILE_ORG_NAME,FILE_PATH,FILE_STATUS) values ('316','100','202494662419956973237.jpg','온지.jpg','/upload/202494662419956973237.jpg','P');
Insert into SYSTEM.HANJU_IMAGE (IMAGE_ID,FK_ID,FILE_NAME,FILE_ORG_NAME,FILE_PATH,FILE_STATUS) values ('320','102','202494681721258936668.JPG','필 25.JPG','/upload/202494681721258936668.JPG','T');
Insert into SYSTEM.HANJU_IMAGE (IMAGE_ID,FK_ID,FILE_NAME,FILE_ORG_NAME,FILE_PATH,FILE_STATUS) values ('321','103','20249469493519949952.JPG','필40.JPG','/upload/20249469493519949952.JPG','P');
Insert into SYSTEM.HANJU_IMAGE (IMAGE_ID,FK_ID,FILE_NAME,FILE_ORG_NAME,FILE_PATH,FILE_STATUS) values ('323','104','2024946955732526543.JPG','호호.JPG','/upload/2024946955732526543.JPG','P');
Insert into SYSTEM.HANJU_IMAGE (IMAGE_ID,FK_ID,FILE_NAME,FILE_ORG_NAME,FILE_PATH,FILE_STATUS) values ('326','105','20249461139329634421.JPG','구름을 벗삼아.JPG','/upload/20249461139329634421.JPG','P');
Insert into SYSTEM.HANJU_IMAGE (IMAGE_ID,FK_ID,FILE_NAME,FILE_ORG_NAME,FILE_PATH,FILE_STATUS) values ('328','106','2024946124035382221903.JPG','꿀샘.JPG','/upload/2024946124035382221903.JPG','P');
Insert into SYSTEM.HANJU_IMAGE (IMAGE_ID,FK_ID,FILE_NAME,FILE_ORG_NAME,FILE_PATH,FILE_STATUS) values ('330','107','2024946132946272173524.JPG','나루 생막걸리.JPG','/upload/2024946132946272173524.JPG','P');
Insert into SYSTEM.HANJU_IMAGE (IMAGE_ID,FK_ID,FILE_NAME,FILE_ORG_NAME,FILE_PATH,FILE_STATUS) values ('332','108','2024946142957437636198.JPG','동학.JPG','/upload/2024946142957437636198.JPG','P');
Insert into SYSTEM.HANJU_IMAGE (IMAGE_ID,FK_ID,FILE_NAME,FILE_ORG_NAME,FILE_PATH,FILE_STATUS) values ('334','109','2024946154191765271293.JPG','대대포 블루.JPG','/upload/2024946154191765271293.JPG','T');
Insert into SYSTEM.HANJU_IMAGE (IMAGE_ID,FK_ID,FILE_NAME,FILE_ORG_NAME,FILE_PATH,FILE_STATUS) values ('336','110','202494616408549824605.JPG','신애유자.JPG','/upload/202494616408549824605.JPG','T');
Insert into SYSTEM.HANJU_IMAGE (IMAGE_ID,FK_ID,FILE_NAME,FILE_ORG_NAME,FILE_PATH,FILE_STATUS) values ('338','111','2024946173059970659736.JPG','스윗마마.JPG','/upload/2024946173059970659736.JPG','T');
Insert into SYSTEM.HANJU_IMAGE (IMAGE_ID,FK_ID,FILE_NAME,FILE_ORG_NAME,FILE_PATH,FILE_STATUS) values ('340','112','2024946182042374023894.JPG','라라.JPG','/upload/2024946182042374023894.JPG','T');
Insert into SYSTEM.HANJU_IMAGE (IMAGE_ID,FK_ID,FILE_NAME,FILE_ORG_NAME,FILE_PATH,FILE_STATUS) values ('342','113','20249461948682572641.JPG','선호 생막걸리.JPG','/upload/20249461948682572641.JPG','T');
Insert into SYSTEM.HANJU_IMAGE (IMAGE_ID,FK_ID,FILE_NAME,FILE_ORG_NAME,FILE_PATH,FILE_STATUS) values ('344','114','202494620017126869984.JPG','모든날에.JPG','/upload/202494620017126869984.JPG','T');
Insert into SYSTEM.HANJU_IMAGE (IMAGE_ID,FK_ID,FILE_NAME,FILE_ORG_NAME,FILE_PATH,FILE_STATUS) values ('346','115','2024946205217394259884.JPG','요새로제.JPG','/upload/2024946205217394259884.JPG','T');
Insert into SYSTEM.HANJU_IMAGE (IMAGE_ID,FK_ID,FILE_NAME,FILE_ORG_NAME,FILE_PATH,FILE_STATUS) values ('347','116','2024946214243424144700.JPG','제주 유채.JPG','/upload/2024946214243424144700.JPG','T');
Insert into SYSTEM.HANJU_IMAGE (IMAGE_ID,FK_ID,FILE_NAME,FILE_ORG_NAME,FILE_PATH,FILE_STATUS) values ('349','92','2024946221484017732327.jpg','녹파주 상세.jpg','/upload/2024946221484017732327.jpg','D');
Insert into SYSTEM.HANJU_IMAGE (IMAGE_ID,FK_ID,FILE_NAME,FILE_ORG_NAME,FILE_PATH,FILE_STATUS) values ('350','102','2024946223583010144478.jpg','필25 상세.jpg','/upload/2024946223583010144478.jpg','D');
Insert into SYSTEM.HANJU_IMAGE (IMAGE_ID,FK_ID,FILE_NAME,FILE_ORG_NAME,FILE_PATH,FILE_STATUS) values ('351','90','2024946225197821441660.jpg','김포 특주 상세.jpg','/upload/2024946225197821441660.jpg','D');
Insert into SYSTEM.HANJU_IMAGE (IMAGE_ID,FK_ID,FILE_NAME,FILE_ORG_NAME,FILE_PATH,FILE_STATUS) values ('352','91','202494623947092999886.jpg','꿈의대화 상세.jpg','/upload/202494623947092999886.jpg','D');
Insert into SYSTEM.HANJU_IMAGE (IMAGE_ID,FK_ID,FILE_NAME,FILE_ORG_NAME,FILE_PATH,FILE_STATUS) values ('353','88','2024946233060722950515.jpg','고도리 복숭아 상세.jpg','/upload/2024946233060722950515.jpg','D');
Insert into SYSTEM.HANJU_IMAGE (IMAGE_ID,FK_ID,FILE_NAME,FILE_ORG_NAME,FILE_PATH,FILE_STATUS) values ('354','89','2024946235125260371396.jpg','고흥유자주 상세.jpg','/upload/2024946235125260371396.jpg','D');
Insert into SYSTEM.HANJU_IMAGE (IMAGE_ID,FK_ID,FILE_NAME,FILE_ORG_NAME,FILE_PATH,FILE_STATUS) values ('357','100','202494626637612425713.jpg','온지몬 상세.jpg','/upload/202494626637612425713.jpg','D');
Insert into SYSTEM.HANJU_IMAGE (IMAGE_ID,FK_ID,FILE_NAME,FILE_ORG_NAME,FILE_PATH,FILE_STATUS) values ('358','106','2024946262838010703537.jpeg','꿀샘 상세.jpeg','/upload/2024946262838010703537.jpeg','D');
Insert into SYSTEM.HANJU_IMAGE (IMAGE_ID,FK_ID,FILE_NAME,FILE_ORG_NAME,FILE_PATH,FILE_STATUS) values ('372','94','2024946353517773162863.jpg','배비치.jpg','/upload/2024946353517773162863.jpg','D');
Insert into SYSTEM.HANJU_IMAGE (IMAGE_ID,FK_ID,FILE_NAME,FILE_ORG_NAME,FILE_PATH,FILE_STATUS) values ('373','103','2024954383216167630172.jpg','필 40 상세.jpg','/upload/2024954383216167630172.jpg','D');
Insert into SYSTEM.HANJU_IMAGE (IMAGE_ID,FK_ID,FILE_NAME,FILE_ORG_NAME,FILE_PATH,FILE_STATUS) values ('375','166','2024954453296481683132.jpg','붉은 원숭이 디테일.jpg','/upload/2024954453296481683132.jpg','D');
Insert into SYSTEM.HANJU_IMAGE (IMAGE_ID,FK_ID,FILE_NAME,FILE_ORG_NAME,FILE_PATH,FILE_STATUS) values ('377','168','2024954483036621590862.jpg','온지몬 디테일.jpg','/upload/2024954483036621590862.jpg','D');
Insert into SYSTEM.HANJU_IMAGE (IMAGE_ID,FK_ID,FILE_NAME,FILE_ORG_NAME,FILE_PATH,FILE_STATUS) values ('378','169','202495450052623574112.jpg','김포특주 디테일.jpg','/upload/202495450052623574112.jpg','D');
Insert into SYSTEM.HANJU_IMAGE (IMAGE_ID,FK_ID,FILE_NAME,FILE_ORG_NAME,FILE_PATH,FILE_STATUS) values ('388','119','2024955203778080966793.jfif','로쉐 썸네일.jfif','/upload/2024955203778080966793.jfif','P');
Insert into SYSTEM.HANJU_IMAGE (IMAGE_ID,FK_ID,FILE_NAME,FILE_ORG_NAME,FILE_PATH,FILE_STATUS) values ('390','120','2024955223014126353127.jfif','썸네일.jfif','/upload/2024955223014126353127.jfif','T');
Insert into SYSTEM.HANJU_IMAGE (IMAGE_ID,FK_ID,FILE_NAME,FILE_ORG_NAME,FILE_PATH,FILE_STATUS) values ('393','121','2024955235460640310625.jfif','썸네일.jfif','/upload/2024955235460640310625.jfif','P');
Insert into SYSTEM.HANJU_IMAGE (IMAGE_ID,FK_ID,FILE_NAME,FILE_ORG_NAME,FILE_PATH,FILE_STATUS) values ('396','122','2024955253641113105964.jfif','썸네일.jfif','/upload/2024955253641113105964.jfif','T');
Insert into SYSTEM.HANJU_IMAGE (IMAGE_ID,FK_ID,FILE_NAME,FILE_ORG_NAME,FILE_PATH,FILE_STATUS) values ('417','185','2024979263796036984988.jpg','hohoDetail.jpg','/upload/2024979263796036984988.jpg','D');
Insert into SYSTEM.HANJU_IMAGE (IMAGE_ID,FK_ID,FILE_NAME,FILE_ORG_NAME,FILE_PATH,FILE_STATUS) values ('418','188','202497463660241034597.JPG','캡처.JPG','/upload/202497463660241034597.JPG','R');
Insert into SYSTEM.HANJU_IMAGE (IMAGE_ID,FK_ID,FILE_NAME,FILE_ORG_NAME,FILE_PATH,FILE_STATUS) values ('430','200','20249112432633034319905.jpg','hohoDetail.jpg','/upload/20249112432633034319905.jpg','D');
Insert into SYSTEM.HANJU_IMAGE (IMAGE_ID,FK_ID,FILE_NAME,FILE_ORG_NAME,FILE_PATH,FILE_STATUS) values ('376','167','2024954465110233561458.jpg','고흥유자주 디테일.jpg','/upload/2024954465110233561458.jpg','D');
Insert into SYSTEM.HANJU_IMAGE (IMAGE_ID,FK_ID,FILE_NAME,FILE_ORG_NAME,FILE_PATH,FILE_STATUS) values ('380','98','2024955954215056377.jpg','아스코니 디테일.jpg','/upload/2024955954215056377.jpg','D');
Insert into SYSTEM.HANJU_IMAGE (IMAGE_ID,FK_ID,FILE_NAME,FILE_ORG_NAME,FILE_PATH,FILE_STATUS) values ('382','117','202495516363121469425.jfif','썸네일.jfif','/upload/202495516363121469425.jfif','T');
Insert into SYSTEM.HANJU_IMAGE (IMAGE_ID,FK_ID,FILE_NAME,FILE_ORG_NAME,FILE_PATH,FILE_STATUS) values ('383','117','2024955162820823163699.jpeg','디테일.jpeg','/upload/2024955162820823163699.jpeg','D');
Insert into SYSTEM.HANJU_IMAGE (IMAGE_ID,FK_ID,FILE_NAME,FILE_ORG_NAME,FILE_PATH,FILE_STATUS) values ('384','118','2024955184410586318087.jfif','라 크라사드 까베르네 시라 썸네일.jfif','/upload/2024955184410586318087.jfif','T');
Insert into SYSTEM.HANJU_IMAGE (IMAGE_ID,FK_ID,FILE_NAME,FILE_ORG_NAME,FILE_PATH,FILE_STATUS) values ('385','118','2024955184410572611221.jfif','라 크라사드 까베르네 시라 썸네일.jfif','/upload/2024955184410572611221.jfif','P');
Insert into SYSTEM.HANJU_IMAGE (IMAGE_ID,FK_ID,FILE_NAME,FILE_ORG_NAME,FILE_PATH,FILE_STATUS) values ('386','118','202495519657565960360.jpeg','디테일.jpeg','/upload/202495519657565960360.jpeg','D');
Insert into SYSTEM.HANJU_IMAGE (IMAGE_ID,FK_ID,FILE_NAME,FILE_ORG_NAME,FILE_PATH,FILE_STATUS) values ('387','119','2024955203778076638204.jfif','로쉐 썸네일.jfif','/upload/2024955203778076638204.jfif','T');
Insert into SYSTEM.HANJU_IMAGE (IMAGE_ID,FK_ID,FILE_NAME,FILE_ORG_NAME,FILE_PATH,FILE_STATUS) values ('389','119','20249552149971939144.jpeg','로쉐 마제 까베르네 소비뇽 D.jpeg','/upload/20249552149971939144.jpeg','D');
Insert into SYSTEM.HANJU_IMAGE (IMAGE_ID,FK_ID,FILE_NAME,FILE_ORG_NAME,FILE_PATH,FILE_STATUS) values ('395','121','2024955241745480408679.jpeg','디테일.jpeg','/upload/2024955241745480408679.jpeg','D');
Insert into SYSTEM.HANJU_IMAGE (IMAGE_ID,FK_ID,FILE_NAME,FILE_ORG_NAME,FILE_PATH,FILE_STATUS) values ('397','122','2024955253641157500269.jfif','썸네일.jfif','/upload/2024955253641157500269.jfif','P');
Insert into SYSTEM.HANJU_IMAGE (IMAGE_ID,FK_ID,FILE_NAME,FILE_ORG_NAME,FILE_PATH,FILE_STATUS) values ('398','122','2024955255520861439175.jpeg','디테일.jpeg','/upload/2024955255520861439175.jpeg','D');
Insert into SYSTEM.HANJU_IMAGE (IMAGE_ID,FK_ID,FILE_NAME,FILE_ORG_NAME,FILE_PATH,FILE_STATUS) values ('400','123','202495527628054621395.jfif','썸네일.jfif','/upload/202495527628054621395.jfif','T');
Insert into SYSTEM.HANJU_IMAGE (IMAGE_ID,FK_ID,FILE_NAME,FILE_ORG_NAME,FILE_PATH,FILE_STATUS) values ('401','123','2024955272575351889935.jpeg','디테일.jpeg','/upload/2024955272575351889935.jpeg','D');
Insert into SYSTEM.HANJU_IMAGE (IMAGE_ID,FK_ID,FILE_NAME,FILE_ORG_NAME,FILE_PATH,FILE_STATUS) values ('402','124','2024955282356241613157.jfif','썸네일.jfif','/upload/2024955282356241613157.jfif','P');
Insert into SYSTEM.HANJU_IMAGE (IMAGE_ID,FK_ID,FILE_NAME,FILE_ORG_NAME,FILE_PATH,FILE_STATUS) values ('426','131','20249112412881981703327.jpg','hoho-thumb.jpg','/upload/20249112412881981703327.jpg','T');
Insert into SYSTEM.HANJU_IMAGE (IMAGE_ID,FK_ID,FILE_NAME,FILE_ORG_NAME,FILE_PATH,FILE_STATUS) values ('427','131','20249112412881989008889.jpg','hoho-thumb.jpg','/upload/20249112412881989008889.jpg','P');
Insert into SYSTEM.HANJU_IMAGE (IMAGE_ID,FK_ID,FILE_NAME,FILE_ORG_NAME,FILE_PATH,FILE_STATUS) values ('429','131','20249112424666547490535.jpg','redmonkeyDetail.jpg','/upload/20249112424666547490535.jpg','D');
Insert into SYSTEM.HANJU_IMAGE (IMAGE_ID,FK_ID,FILE_NAME,FILE_ORG_NAME,FILE_PATH,FILE_STATUS) values ('431','201','20249112465452096934824.jfif','리뷰용 업로드 이미지.jfif','/upload/20249112465452096934824.jfif','R');
REM INSERTING into SYSTEM.HANJU_NORMAL_SELL
SET DEFINE OFF;
Insert into SYSTEM.HANJU_NORMAL_SELL (SELL_ID,PRODUCT_ID,DISCOUNT,CDATETIME,DESCRIPTION) values ('148','106',7,to_date('24/10/04','RR/MM/DD'),'꿀샘 입니다.');
Insert into SYSTEM.HANJU_NORMAL_SELL (SELL_ID,PRODUCT_ID,DISCOUNT,CDATETIME,DESCRIPTION) values ('147','100',10,to_date('24/10/04','RR/MM/DD'),'온지몬 입니다.');
Insert into SYSTEM.HANJU_NORMAL_SELL (SELL_ID,PRODUCT_ID,DISCOUNT,CDATETIME,DESCRIPTION) values ('149','107',19,to_date('24/10/04','RR/MM/DD'),'나루 생 막걸리입니다');
Insert into SYSTEM.HANJU_NORMAL_SELL (SELL_ID,PRODUCT_ID,DISCOUNT,CDATETIME,DESCRIPTION) values ('150','108',11,to_date('24/10/04','RR/MM/DD'),'동학입니다!');
Insert into SYSTEM.HANJU_NORMAL_SELL (SELL_ID,PRODUCT_ID,DISCOUNT,CDATETIME,DESCRIPTION) values ('151','109',10,to_date('24/10/04','RR/MM/DD'),'대대포 블루 입니다!');
Insert into SYSTEM.HANJU_NORMAL_SELL (SELL_ID,PRODUCT_ID,DISCOUNT,CDATETIME,DESCRIPTION) values ('152','110',26,to_date('24/10/04','RR/MM/DD'),'신애유자 입니다!');
Insert into SYSTEM.HANJU_NORMAL_SELL (SELL_ID,PRODUCT_ID,DISCOUNT,CDATETIME,DESCRIPTION) values ('153','111',3,to_date('24/10/04','RR/MM/DD'),'스윗 마마 입니다!');
Insert into SYSTEM.HANJU_NORMAL_SELL (SELL_ID,PRODUCT_ID,DISCOUNT,CDATETIME,DESCRIPTION) values ('154','112',26,to_date('24/10/04','RR/MM/DD'),'라라입니다!');
Insert into SYSTEM.HANJU_NORMAL_SELL (SELL_ID,PRODUCT_ID,DISCOUNT,CDATETIME,DESCRIPTION) values ('155','113',0,to_date('24/10/04','RR/MM/DD'),'선호 생 막걸리입니다!');
Insert into SYSTEM.HANJU_NORMAL_SELL (SELL_ID,PRODUCT_ID,DISCOUNT,CDATETIME,DESCRIPTION) values ('156','114',8,to_date('24/10/04','RR/MM/DD'),'모든날에 입니다!');
Insert into SYSTEM.HANJU_NORMAL_SELL (SELL_ID,PRODUCT_ID,DISCOUNT,CDATETIME,DESCRIPTION) values ('157','115',8,to_date('24/10/04','RR/MM/DD'),'요새로제입니다!');
Insert into SYSTEM.HANJU_NORMAL_SELL (SELL_ID,PRODUCT_ID,DISCOUNT,CDATETIME,DESCRIPTION) values ('158','95',0,to_date('24/10/04','RR/MM/DD'),'복단지입니다!');
Insert into SYSTEM.HANJU_NORMAL_SELL (SELL_ID,PRODUCT_ID,DISCOUNT,CDATETIME,DESCRIPTION) values ('159','86',0,to_date('24/10/04','RR/MM/DD'),'궁중술 왕주입니다!');
Insert into SYSTEM.HANJU_NORMAL_SELL (SELL_ID,PRODUCT_ID,DISCOUNT,CDATETIME,DESCRIPTION) values ('160','87',4,to_date('24/10/04','RR/MM/DD'),'경성 과하주입니다!');
Insert into SYSTEM.HANJU_NORMAL_SELL (SELL_ID,PRODUCT_ID,DISCOUNT,CDATETIME,DESCRIPTION) values ('161','97',9,to_date('24/10/04','RR/MM/DD'),'서설 입니다!');
Insert into SYSTEM.HANJU_NORMAL_SELL (SELL_ID,PRODUCT_ID,DISCOUNT,CDATETIME,DESCRIPTION) values ('180','104',3,to_date('24/10/05','RR/MM/DD'),'호호 막걸리입니다!');
Insert into SYSTEM.HANJU_NORMAL_SELL (SELL_ID,PRODUCT_ID,DISCOUNT,CDATETIME,DESCRIPTION) values ('137','102',0,to_date('24/10/04','RR/MM/DD'),'필 25도 입니다.');
Insert into SYSTEM.HANJU_NORMAL_SELL (SELL_ID,PRODUCT_ID,DISCOUNT,CDATETIME,DESCRIPTION) values ('138','90',0,to_date('24/10/04','RR/MM/DD'),'김포 특주 입니다.');
Insert into SYSTEM.HANJU_NORMAL_SELL (SELL_ID,PRODUCT_ID,DISCOUNT,CDATETIME,DESCRIPTION) values ('136','92',5,to_date('24/10/04','RR/MM/DD'),'녹파주 입니다.');
Insert into SYSTEM.HANJU_NORMAL_SELL (SELL_ID,PRODUCT_ID,DISCOUNT,CDATETIME,DESCRIPTION) values ('139','91',3,to_date('24/10/04','RR/MM/DD'),'선물 세트 입니다.');
Insert into SYSTEM.HANJU_NORMAL_SELL (SELL_ID,PRODUCT_ID,DISCOUNT,CDATETIME,DESCRIPTION) values ('140','88',10,to_date('24/10/04','RR/MM/DD'),'고도리 복숭아 와인');
Insert into SYSTEM.HANJU_NORMAL_SELL (SELL_ID,PRODUCT_ID,DISCOUNT,CDATETIME,DESCRIPTION) values ('141','89',7,to_date('24/10/04','RR/MM/DD'),'고흥 유자주 입니다.');
Insert into SYSTEM.HANJU_NORMAL_SELL (SELL_ID,PRODUCT_ID,DISCOUNT,CDATETIME,DESCRIPTION) values ('145','96',0,to_date('24/10/04','RR/MM/DD'),'붉은 원숭이 입니다.');
Insert into SYSTEM.HANJU_NORMAL_SELL (SELL_ID,PRODUCT_ID,DISCOUNT,CDATETIME,DESCRIPTION) values ('146','99',0,to_date('24/10/04','RR/MM/DD'),'명인 안동소주 호리병 버전입니다.');
Insert into SYSTEM.HANJU_NORMAL_SELL (SELL_ID,PRODUCT_ID,DISCOUNT,CDATETIME,DESCRIPTION) values ('162','103',40,to_date('24/10/05','RR/MM/DD'),'필 40입니다!');
Insert into SYSTEM.HANJU_NORMAL_SELL (SELL_ID,PRODUCT_ID,DISCOUNT,CDATETIME,DESCRIPTION) values ('199','131',5,to_date('24/10/11','RR/MM/DD'),'호호입니다');
REM INSERTING into SYSTEM.HANJU_PICKUP_BILL
SET DEFINE OFF;
Insert into SYSTEM.HANJU_PICKUP_BILL (BILL_ID,STORE_ID,PICKUP_DATE,PICKUP_STATUS) values ('130','3',to_date('24/10/06','RR/MM/DD'),'B');
Insert into SYSTEM.HANJU_PICKUP_BILL (BILL_ID,STORE_ID,PICKUP_DATE,PICKUP_STATUS) values ('150','2',to_date('24/10/09','RR/MM/DD'),'B');
Insert into SYSTEM.HANJU_PICKUP_BILL (BILL_ID,STORE_ID,PICKUP_DATE,PICKUP_STATUS) values ('151','3',to_date('24/10/17','RR/MM/DD'),'B');
Insert into SYSTEM.HANJU_PICKUP_BILL (BILL_ID,STORE_ID,PICKUP_DATE,PICKUP_STATUS) values ('152','2',to_date('24/10/17','RR/MM/DD'),'B');
Insert into SYSTEM.HANJU_PICKUP_BILL (BILL_ID,STORE_ID,PICKUP_DATE,PICKUP_STATUS) values ('127','1',to_date('24/10/06','RR/MM/DD'),'B');
Insert into SYSTEM.HANJU_PICKUP_BILL (BILL_ID,STORE_ID,PICKUP_DATE,PICKUP_STATUS) values ('129','3',to_date('24/10/06','RR/MM/DD'),'B');
Insert into SYSTEM.HANJU_PICKUP_BILL (BILL_ID,STORE_ID,PICKUP_DATE,PICKUP_STATUS) values ('153','1',to_date('24/10/23','RR/MM/DD'),'B');
Insert into SYSTEM.HANJU_PICKUP_BILL (BILL_ID,STORE_ID,PICKUP_DATE,PICKUP_STATUS) values ('154','1',to_date('24/10/24','RR/MM/DD'),'B');
Insert into SYSTEM.HANJU_PICKUP_BILL (BILL_ID,STORE_ID,PICKUP_DATE,PICKUP_STATUS) values ('155','2',to_date('24/10/24','RR/MM/DD'),'B');
Insert into SYSTEM.HANJU_PICKUP_BILL (BILL_ID,STORE_ID,PICKUP_DATE,PICKUP_STATUS) values ('141','2',to_date('24/10/24','RR/MM/DD'),'B');
Insert into SYSTEM.HANJU_PICKUP_BILL (BILL_ID,STORE_ID,PICKUP_DATE,PICKUP_STATUS) values ('149','1',to_date('24/10/16','RR/MM/DD'),'B');
Insert into SYSTEM.HANJU_PICKUP_BILL (BILL_ID,STORE_ID,PICKUP_DATE,PICKUP_STATUS) values ('128','2',to_date('24/10/06','RR/MM/DD'),'B');
Insert into SYSTEM.HANJU_PICKUP_BILL (BILL_ID,STORE_ID,PICKUP_DATE,PICKUP_STATUS) values ('131','1',to_date('24/10/07','RR/MM/DD'),'B');
Insert into SYSTEM.HANJU_PICKUP_BILL (BILL_ID,STORE_ID,PICKUP_DATE,PICKUP_STATUS) values ('166','1',to_date('24/10/13','RR/MM/DD'),'B');
REM INSERTING into SYSTEM.HANJU_PICKUP_STOCK
SET DEFINE OFF;
Insert into SYSTEM.HANJU_PICKUP_STOCK (STORE_ID,PRODUCT_ID,STOCK,DISCOUNT) values ('1','93',10,20);
Insert into SYSTEM.HANJU_PICKUP_STOCK (STORE_ID,PRODUCT_ID,STOCK,DISCOUNT) values ('1','98',10,20);
Insert into SYSTEM.HANJU_PICKUP_STOCK (STORE_ID,PRODUCT_ID,STOCK,DISCOUNT) values ('1','94',10,20);
Insert into SYSTEM.HANJU_PICKUP_STOCK (STORE_ID,PRODUCT_ID,STOCK,DISCOUNT) values ('2','93',10,10);
Insert into SYSTEM.HANJU_PICKUP_STOCK (STORE_ID,PRODUCT_ID,STOCK,DISCOUNT) values ('2','94',10,10);
Insert into SYSTEM.HANJU_PICKUP_STOCK (STORE_ID,PRODUCT_ID,STOCK,DISCOUNT) values ('2','98',10,10);
Insert into SYSTEM.HANJU_PICKUP_STOCK (STORE_ID,PRODUCT_ID,STOCK,DISCOUNT) values ('3','93',10,15);
Insert into SYSTEM.HANJU_PICKUP_STOCK (STORE_ID,PRODUCT_ID,STOCK,DISCOUNT) values ('3','94',10,25);
Insert into SYSTEM.HANJU_PICKUP_STOCK (STORE_ID,PRODUCT_ID,STOCK,DISCOUNT) values ('3','98',10,5);
Insert into SYSTEM.HANJU_PICKUP_STOCK (STORE_ID,PRODUCT_ID,STOCK,DISCOUNT) values ('1','117',10,10);
Insert into SYSTEM.HANJU_PICKUP_STOCK (STORE_ID,PRODUCT_ID,STOCK,DISCOUNT) values ('2','118',10,15);
Insert into SYSTEM.HANJU_PICKUP_STOCK (STORE_ID,PRODUCT_ID,STOCK,DISCOUNT) values ('3','119',10,20);
Insert into SYSTEM.HANJU_PICKUP_STOCK (STORE_ID,PRODUCT_ID,STOCK,DISCOUNT) values ('1','120',10,19);
Insert into SYSTEM.HANJU_PICKUP_STOCK (STORE_ID,PRODUCT_ID,STOCK,DISCOUNT) values ('2','121',10,15);
Insert into SYSTEM.HANJU_PICKUP_STOCK (STORE_ID,PRODUCT_ID,STOCK,DISCOUNT) values ('3','122',10,11);
Insert into SYSTEM.HANJU_PICKUP_STOCK (STORE_ID,PRODUCT_ID,STOCK,DISCOUNT) values ('1','123',10,20);
Insert into SYSTEM.HANJU_PICKUP_STOCK (STORE_ID,PRODUCT_ID,STOCK,DISCOUNT) values ('2','124',10,10);
REM INSERTING into SYSTEM.HANJU_PICKUP_STORE
SET DEFINE OFF;
Insert into SYSTEM.HANJU_PICKUP_STORE (STORE_ID,STORE_NAME,PHONE,ZIPNO,ROADADDRPART1,ADDRDETAIL) values ('1','부평점','0100000000',null,null,null);
Insert into SYSTEM.HANJU_PICKUP_STORE (STORE_ID,STORE_NAME,PHONE,ZIPNO,ROADADDRPART1,ADDRDETAIL) values ('2','송도점','01011111111',null,null,null);
Insert into SYSTEM.HANJU_PICKUP_STORE (STORE_ID,STORE_NAME,PHONE,ZIPNO,ROADADDRPART1,ADDRDETAIL) values ('3','영종도점','01022222222',null,null,null);
REM INSERTING into SYSTEM.HANJU_PRODUCT
SET DEFINE OFF;
Insert into SYSTEM.HANJU_PRODUCT (PRODUCT_ID,TYPE,PRODUCT_NAME,PRICE,SELLER_ID,MADE_BY,ALCOHOL,SPARKLING,SWEET,SOUR,BITTER,BODY,STOCK,CAPACITY,MATERIAL,CDATETIME,COLOR) values ('92','CJ','녹파주',9100,'user3','경남 함양',15,0,2,0,3,2,10,375,'찹쌀',to_date('24/10/04','RR/MM/DD'),null);
Insert into SYSTEM.HANJU_PRODUCT (PRODUCT_ID,TYPE,PRODUCT_NAME,PRICE,SELLER_ID,MADE_BY,ALCOHOL,SPARKLING,SWEET,SOUR,BITTER,BODY,STOCK,CAPACITY,MATERIAL,CDATETIME,COLOR) values ('102','SJ','필 25',49900,'user3','경기 여주',25,0,1,0,4,4,10,375,'고구마',to_date('24/10/04','RR/MM/DD'),null);
Insert into SYSTEM.HANJU_PRODUCT (PRODUCT_ID,TYPE,PRODUCT_NAME,PRICE,SELLER_ID,MADE_BY,ALCOHOL,SPARKLING,SWEET,SOUR,BITTER,BODY,STOCK,CAPACITY,MATERIAL,CDATETIME,COLOR) values ('90','CJ','김포 특주',3800,'user3','경기 김포',15,0,3,0,3,5,10,375,'쌀',to_date('24/10/04','RR/MM/DD'),null);
Insert into SYSTEM.HANJU_PRODUCT (PRODUCT_ID,TYPE,PRODUCT_NAME,PRICE,SELLER_ID,MADE_BY,ALCOHOL,SPARKLING,SWEET,SOUR,BITTER,BODY,STOCK,CAPACITY,MATERIAL,CDATETIME,COLOR) values ('91','G','꿈의 대화 선물세트',44000,'user3','광주 동구',13,0,2,0,3,3,10,375,'쌀',to_date('24/10/04','RR/MM/DD'),null);
Insert into SYSTEM.HANJU_PRODUCT (PRODUCT_ID,TYPE,PRODUCT_NAME,PRICE,SELLER_ID,MADE_BY,ALCOHOL,SPARKLING,SWEET,SOUR,BITTER,BODY,STOCK,CAPACITY,MATERIAL,CDATETIME,COLOR) values ('88','TW','고도리 복숭아 와인',30000,'user3','충북 충주',3.5,2,2,2,2,2,10,350,'복숭아',to_date('24/10/04','RR/MM/DD'),null);
Insert into SYSTEM.HANJU_PRODUCT (PRODUCT_ID,TYPE,PRODUCT_NAME,PRICE,SELLER_ID,MADE_BY,ALCOHOL,SPARKLING,SWEET,SOUR,BITTER,BODY,STOCK,CAPACITY,MATERIAL,CDATETIME,COLOR) values ('89','FJ','고흥 유자주 8%',13000,'user3','전남 고흥',8,0,3,4,1,2,10,375,'유자',to_date('24/10/04','RR/MM/DD'),null);
Insert into SYSTEM.HANJU_PRODUCT (PRODUCT_ID,TYPE,PRODUCT_NAME,PRICE,SELLER_ID,MADE_BY,ALCOHOL,SPARKLING,SWEET,SOUR,BITTER,BODY,STOCK,CAPACITY,MATERIAL,CDATETIME,COLOR) values ('94','WW','배비치 블랙 말보로 소비뇽 블랑',20900,'user3','호주/뉴질랜드',14,0,1,5,1,2,60,750,'소비뇽 블랑',to_date('24/10/04','RR/MM/DD'),null);
Insert into SYSTEM.HANJU_PRODUCT (PRODUCT_ID,TYPE,PRODUCT_NAME,PRICE,SELLER_ID,MADE_BY,ALCOHOL,SPARKLING,SWEET,SOUR,BITTER,BODY,STOCK,CAPACITY,MATERIAL,CDATETIME,COLOR) values ('96','TJ','붉은 원숭이',8500,'user3','경기 용인',10,0,3,0,2,4,10,375,'쌀',to_date('24/10/04','RR/MM/DD'),null);
Insert into SYSTEM.HANJU_PRODUCT (PRODUCT_ID,TYPE,PRODUCT_NAME,PRICE,SELLER_ID,MADE_BY,ALCOHOL,SPARKLING,SWEET,SOUR,BITTER,BODY,STOCK,CAPACITY,MATERIAL,CDATETIME,COLOR) values ('98','WW','아스코니 리슬링 아이스와인 블루라벨',43900,'user3','몰도바',9.5,3,2,0,0,3,60,500,'백포도',to_date('24/10/04','RR/MM/DD'),null);
Insert into SYSTEM.HANJU_PRODUCT (PRODUCT_ID,TYPE,PRODUCT_NAME,PRICE,SELLER_ID,MADE_BY,ALCOHOL,SPARKLING,SWEET,SOUR,BITTER,BODY,STOCK,CAPACITY,MATERIAL,CDATETIME,COLOR) values ('99','SJ','명인 안동소주 호리병',38000,'user3','경북 안동',45,0,1,0,5,4,10,800,'쌀',to_date('24/10/04','RR/MM/DD'),null);
Insert into SYSTEM.HANJU_PRODUCT (PRODUCT_ID,TYPE,PRODUCT_NAME,PRICE,SELLER_ID,MADE_BY,ALCOHOL,SPARKLING,SWEET,SOUR,BITTER,BODY,STOCK,CAPACITY,MATERIAL,CDATETIME,COLOR) values ('100','TJ','온지 몬',17000,'user3','서울 은평',10,0,3,4,2,3,10,500,'레몬',to_date('24/10/04','RR/MM/DD'),null);
Insert into SYSTEM.HANJU_PRODUCT (PRODUCT_ID,TYPE,PRODUCT_NAME,PRICE,SELLER_ID,MADE_BY,ALCOHOL,SPARKLING,SWEET,SOUR,BITTER,BODY,STOCK,CAPACITY,MATERIAL,CDATETIME,COLOR) values ('106','FJ','꿀샘',12000,'user3','충북 충주',16,5,4,0,0,3,10,375,'꿀',to_date('24/10/04','RR/MM/DD'),null);
Insert into SYSTEM.HANJU_PRODUCT (PRODUCT_ID,TYPE,PRODUCT_NAME,PRICE,SELLER_ID,MADE_BY,ALCOHOL,SPARKLING,SWEET,SOUR,BITTER,BODY,STOCK,CAPACITY,MATERIAL,CDATETIME,COLOR) values ('107','TJ','나루 생막걸리',7000,'user3','충북 진천',6,0,4,2,1,2,10,800,'쌀',to_date('24/10/04','RR/MM/DD'),null);
Insert into SYSTEM.HANJU_PRODUCT (PRODUCT_ID,TYPE,PRODUCT_NAME,PRICE,SELLER_ID,MADE_BY,ALCOHOL,SPARKLING,SWEET,SOUR,BITTER,BODY,STOCK,CAPACITY,MATERIAL,CDATETIME,COLOR) values ('108','CJ','동학',3800,'user3','강원 평창',13,0,2,4,3,2,10,375,'쌀',to_date('24/10/04','RR/MM/DD'),null);
Insert into SYSTEM.HANJU_PRODUCT (PRODUCT_ID,TYPE,PRODUCT_NAME,PRICE,SELLER_ID,MADE_BY,ALCOHOL,SPARKLING,SWEET,SOUR,BITTER,BODY,STOCK,CAPACITY,MATERIAL,CDATETIME,COLOR) values ('109','TJ','대대포 블루',3800,'user3','충북 충주',6,0,3,2,3,2,10,600,'쌀',to_date('24/10/04','RR/MM/DD'),null);
Insert into SYSTEM.HANJU_PRODUCT (PRODUCT_ID,TYPE,PRODUCT_NAME,PRICE,SELLER_ID,MADE_BY,ALCOHOL,SPARKLING,SWEET,SOUR,BITTER,BODY,STOCK,CAPACITY,MATERIAL,CDATETIME,COLOR) values ('110','FJ','신애유자',5900,'user3','경기 광주',5,3,3,4,0,3,10,330,'유자',to_date('24/10/04','RR/MM/DD'),null);
Insert into SYSTEM.HANJU_PRODUCT (PRODUCT_ID,TYPE,PRODUCT_NAME,PRICE,SELLER_ID,MADE_BY,ALCOHOL,SPARKLING,SWEET,SOUR,BITTER,BODY,STOCK,CAPACITY,MATERIAL,CDATETIME,COLOR) values ('111','FJ','스윗마마',5900,'user3','충북 충주',5.5,2,4,4,0,3,10,330,'사과',to_date('24/10/04','RR/MM/DD'),null);
Insert into SYSTEM.HANJU_PRODUCT (PRODUCT_ID,TYPE,PRODUCT_NAME,PRICE,SELLER_ID,MADE_BY,ALCOHOL,SPARKLING,SWEET,SOUR,BITTER,BODY,STOCK,CAPACITY,MATERIAL,CDATETIME,COLOR) values ('112','FJ','라라',25000,'user3','충북 충주',12,0,1,4,0,3,10,750,'포도',to_date('24/10/04','RR/MM/DD'),null);
Insert into SYSTEM.HANJU_PRODUCT (PRODUCT_ID,TYPE,PRODUCT_NAME,PRICE,SELLER_ID,MADE_BY,ALCOHOL,SPARKLING,SWEET,SOUR,BITTER,BODY,STOCK,CAPACITY,MATERIAL,CDATETIME,COLOR) values ('113','TJ','선호 생막걸리',2000,'user3','충북 충주',6,4,2,3,2,1,10,750,'쌀',to_date('24/10/04','RR/MM/DD'),null);
Insert into SYSTEM.HANJU_PRODUCT (PRODUCT_ID,TYPE,PRODUCT_NAME,PRICE,SELLER_ID,MADE_BY,ALCOHOL,SPARKLING,SWEET,SOUR,BITTER,BODY,STOCK,CAPACITY,MATERIAL,CDATETIME,COLOR) values ('114','CJ','모든날에',28000,'user3','경기 광주',15,0,2,4,4,2,10,500,'누룩',to_date('24/10/04','RR/MM/DD'),null);
Insert into SYSTEM.HANJU_PRODUCT (PRODUCT_ID,TYPE,PRODUCT_NAME,PRICE,SELLER_ID,MADE_BY,ALCOHOL,SPARKLING,SWEET,SOUR,BITTER,BODY,STOCK,CAPACITY,MATERIAL,CDATETIME,COLOR) values ('115','FJ','요새로제',17900,'user3','서울 은평',6.4,3,4,4,1,3,10,750,'오미자',to_date('24/10/04','RR/MM/DD'),null);
Insert into SYSTEM.HANJU_PRODUCT (PRODUCT_ID,TYPE,PRODUCT_NAME,PRICE,SELLER_ID,MADE_BY,ALCOHOL,SPARKLING,SWEET,SOUR,BITTER,BODY,STOCK,CAPACITY,MATERIAL,CDATETIME,COLOR) values ('95','FJ','복단지',39900,'user3','경기 여주',14,0,4,2,1,4,10,350,'복분자',to_date('24/10/04','RR/MM/DD'),null);
Insert into SYSTEM.HANJU_PRODUCT (PRODUCT_ID,TYPE,PRODUCT_NAME,PRICE,SELLER_ID,MADE_BY,ALCOHOL,SPARKLING,SWEET,SOUR,BITTER,BODY,STOCK,CAPACITY,MATERIAL,CDATETIME,COLOR) values ('86','CJ','궁중술 왕주',6300,'user3','충남 논산',13,0,3,0,2,3,10,375,'쌀',to_date('24/10/04','RR/MM/DD'),null);
Insert into SYSTEM.HANJU_PRODUCT (PRODUCT_ID,TYPE,PRODUCT_NAME,PRICE,SELLER_ID,MADE_BY,ALCOHOL,SPARKLING,SWEET,SOUR,BITTER,BODY,STOCK,CAPACITY,MATERIAL,CDATETIME,COLOR) values ('87','TW','경성 과하주',27000,'user3','경기 여주',20,0,3,3,3,4,10,375,'찹쌀',to_date('24/10/04','RR/MM/DD'),null);
Insert into SYSTEM.HANJU_PRODUCT (PRODUCT_ID,TYPE,PRODUCT_NAME,PRICE,SELLER_ID,MADE_BY,ALCOHOL,SPARKLING,SWEET,SOUR,BITTER,BODY,STOCK,CAPACITY,MATERIAL,CDATETIME,COLOR) values ('97','CJ','서설',14200,'user3','경기 용인',13,0,2,0,2,2,10,375,'쌀',to_date('24/10/04','RR/MM/DD'),null);
Insert into SYSTEM.HANJU_PRODUCT (PRODUCT_ID,TYPE,PRODUCT_NAME,PRICE,SELLER_ID,MADE_BY,ALCOHOL,SPARKLING,SWEET,SOUR,BITTER,BODY,STOCK,CAPACITY,MATERIAL,CDATETIME,COLOR) values ('93','RW','레알 푸엔테 드라이',4900,'user3','스페인',12,0,1,2,3,3,60,750,'템프라니요',to_date('24/10/04','RR/MM/DD'),null);
Insert into SYSTEM.HANJU_PRODUCT (PRODUCT_ID,TYPE,PRODUCT_NAME,PRICE,SELLER_ID,MADE_BY,ALCOHOL,SPARKLING,SWEET,SOUR,BITTER,BODY,STOCK,CAPACITY,MATERIAL,CDATETIME,COLOR) values ('101','TJ','지란지교 무화과 탁주',16900,'user3','전북 순창',12,2,4,0,2,4,10,500,'무화과',to_date('24/10/04','RR/MM/DD'),null);
Insert into SYSTEM.HANJU_PRODUCT (PRODUCT_ID,TYPE,PRODUCT_NAME,PRICE,SELLER_ID,MADE_BY,ALCOHOL,SPARKLING,SWEET,SOUR,BITTER,BODY,STOCK,CAPACITY,MATERIAL,CDATETIME,COLOR) values ('103','SJ','필 40',59900,'user3','경기 여주',40,0,1,0,5,5,10,375,'고구마',to_date('24/10/04','RR/MM/DD'),null);
Insert into SYSTEM.HANJU_PRODUCT (PRODUCT_ID,TYPE,PRODUCT_NAME,PRICE,SELLER_ID,MADE_BY,ALCOHOL,SPARKLING,SWEET,SOUR,BITTER,BODY,STOCK,CAPACITY,MATERIAL,CDATETIME,COLOR) values ('104','TJ','호호',13000,'user3','충북 충주',9,0,3,3,2,3,10,375,'단호박',to_date('24/10/04','RR/MM/DD'),null);
Insert into SYSTEM.HANJU_PRODUCT (PRODUCT_ID,TYPE,PRODUCT_NAME,PRICE,SELLER_ID,MADE_BY,ALCOHOL,SPARKLING,SWEET,SOUR,BITTER,BODY,STOCK,CAPACITY,MATERIAL,CDATETIME,COLOR) values ('105','TJ','구름을 벗삼아',2200,'user3','충북 충주',6,3,4,2,1,3,10,500,'햇찹쌀',to_date('24/10/04','RR/MM/DD'),null);
Insert into SYSTEM.HANJU_PRODUCT (PRODUCT_ID,TYPE,PRODUCT_NAME,PRICE,SELLER_ID,MADE_BY,ALCOHOL,SPARKLING,SWEET,SOUR,BITTER,BODY,STOCK,CAPACITY,MATERIAL,CDATETIME,COLOR) values ('116','FJ','제주 유체',9000,'user3','충북 증평',14,0,4,2,1,2,10,375,'유채꽃',to_date('24/10/04','RR/MM/DD'),null);
Insert into SYSTEM.HANJU_PRODUCT (PRODUCT_ID,TYPE,PRODUCT_NAME,PRICE,SELLER_ID,MADE_BY,ALCOHOL,SPARKLING,SWEET,SOUR,BITTER,BODY,STOCK,CAPACITY,MATERIAL,CDATETIME,COLOR) values ('117','RW','디아블로 레드 블렌드',12900,'user3','칠레',14,0,1,2,4,4,20,750,'카베르네 소비뇽',to_date('24/10/05','RR/MM/DD'),null);
Insert into SYSTEM.HANJU_PRODUCT (PRODUCT_ID,TYPE,PRODUCT_NAME,PRICE,SELLER_ID,MADE_BY,ALCOHOL,SPARKLING,SWEET,SOUR,BITTER,BODY,STOCK,CAPACITY,MATERIAL,CDATETIME,COLOR) values ('118','RW','라 크라사드 까베르네 시라',14900,'user3','프랑스',14.5,0,1,3,4,4,20,750,'카베르네 소비뇽',to_date('24/10/05','RR/MM/DD'),null);
Insert into SYSTEM.HANJU_PRODUCT (PRODUCT_ID,TYPE,PRODUCT_NAME,PRICE,SELLER_ID,MADE_BY,ALCOHOL,SPARKLING,SWEET,SOUR,BITTER,BODY,STOCK,CAPACITY,MATERIAL,CDATETIME,COLOR) values ('121','WW','산타 리타 120 샤르도네',9900,'user3','칠레',13,0,1,3,1,2,20,750,'샤르도네',to_date('24/10/05','RR/MM/DD'),null);
Insert into SYSTEM.HANJU_PRODUCT (PRODUCT_ID,TYPE,PRODUCT_NAME,PRICE,SELLER_ID,MADE_BY,ALCOHOL,SPARKLING,SWEET,SOUR,BITTER,BODY,STOCK,CAPACITY,MATERIAL,CDATETIME,COLOR) values ('122','RW','이스까이',82900,'user3','아르헨티나',14.5,0,1,3,5,4,20,750,'카베르네 프랑',to_date('24/10/05','RR/MM/DD'),null);
Insert into SYSTEM.HANJU_PRODUCT (PRODUCT_ID,TYPE,PRODUCT_NAME,PRICE,SELLER_ID,MADE_BY,ALCOHOL,SPARKLING,SWEET,SOUR,BITTER,BODY,STOCK,CAPACITY,MATERIAL,CDATETIME,COLOR) values ('123','RW','제이드 드 플뢰르 드 리스',18900,'user3','프랑스',14.5,0,1,2,4,3,20,750,'카베르네 프랑',to_date('24/10/05','RR/MM/DD'),null);
Insert into SYSTEM.HANJU_PRODUCT (PRODUCT_ID,TYPE,PRODUCT_NAME,PRICE,SELLER_ID,MADE_BY,ALCOHOL,SPARKLING,SWEET,SOUR,BITTER,BODY,STOCK,CAPACITY,MATERIAL,CDATETIME,COLOR) values ('124','RW','컨버트',50000,'user3','미국',14,0,1,3,4,4,20,750,'바르베라',to_date('24/10/05','RR/MM/DD'),null);
Insert into SYSTEM.HANJU_PRODUCT (PRODUCT_ID,TYPE,PRODUCT_NAME,PRICE,SELLER_ID,MADE_BY,ALCOHOL,SPARKLING,SWEET,SOUR,BITTER,BODY,STOCK,CAPACITY,MATERIAL,CDATETIME,COLOR) values ('119','RW','로쉐 마제 까베르네 소비뇽',12900,'user3','프랑스',13,0,1,2,4,4,20,750,'카베르네 소비뇽',to_date('24/10/05','RR/MM/DD'),null);
Insert into SYSTEM.HANJU_PRODUCT (PRODUCT_ID,TYPE,PRODUCT_NAME,PRICE,SELLER_ID,MADE_BY,ALCOHOL,SPARKLING,SWEET,SOUR,BITTER,BODY,STOCK,CAPACITY,MATERIAL,CDATETIME,COLOR) values ('120','WW','사이러스 머뮤이스 밀레짐 브뤼',79900,'user3','프랑스',12,0,2,5,1,4,20,750,'샤르도네',to_date('24/10/05','RR/MM/DD'),null);
Insert into SYSTEM.HANJU_PRODUCT (PRODUCT_ID,TYPE,PRODUCT_NAME,PRICE,SELLER_ID,MADE_BY,ALCOHOL,SPARKLING,SWEET,SOUR,BITTER,BODY,STOCK,CAPACITY,MATERIAL,CDATETIME,COLOR) values ('131','TJ','호호2',13000,'user3','충북 청주',20,2,3,2,3,1,10,350,'단호박',to_date('24/10/11','RR/MM/DD'),null);
REM INSERTING into SYSTEM.HANJU_SUBSCRIBE
SET DEFINE OFF;
Insert into SYSTEM.HANJU_SUBSCRIBE (SUBSCRIBE_ID,TITLE,DISCOUNT,CDATETIME,ARRIVE_DATE) values ('85','샘플 3병 구독',10,to_date('24/09/27','RR/MM/DD'),'월요일');
REM INSERTING into SYSTEM.HANJU_SUBSCRIBE_ITEM
SET DEFINE OFF;
Insert into SYSTEM.HANJU_SUBSCRIBE_ITEM (SUBSCRIBE_ID,PRODUCT_ID) values ('85','86');
Insert into SYSTEM.HANJU_SUBSCRIBE_ITEM (SUBSCRIBE_ID,PRODUCT_ID) values ('85','87');
Insert into SYSTEM.HANJU_SUBSCRIBE_ITEM (SUBSCRIBE_ID,PRODUCT_ID) values ('85','88');
REM INSERTING into SYSTEM.HANJU_SUBSCRIBE_STATUS
SET DEFINE OFF;
Insert into SYSTEM.HANJU_SUBSCRIBE_STATUS (SUBSCRIBE_ID,USER_ID,SUB_DATE,NEXT_SUB) values ('85','kws03337',to_date('24/10/04','RR/MM/DD'),'Y');
Insert into SYSTEM.HANJU_SUBSCRIBE_STATUS (SUBSCRIBE_ID,USER_ID,SUB_DATE,NEXT_SUB) values ('85','user1',to_date('24/10/07','RR/MM/DD'),'Y');
Insert into SYSTEM.HANJU_SUBSCRIBE_STATUS (SUBSCRIBE_ID,USER_ID,SUB_DATE,NEXT_SUB) values ('85','user2',to_date('24/10/07','RR/MM/DD'),'Y');
REM INSERTING into SYSTEM.HANJU_USER
SET DEFINE OFF;
Insert into SYSTEM.HANJU_USER (USER_ID,PASSWORD,USER_NAME,STATUS,PHONE,EMAIL,BIRTHDAY,CDATETIME,POINT,ZIPNO,ROADADDRPART1,ADDRDETAIL) values ('test456','1234','김영희','C','01012345678','naver.com',to_date('19/01/01','RR/MM/DD'),to_date('21/01/01','RR/MM/DD'),0,null,null,null);
Insert into SYSTEM.HANJU_USER (USER_ID,PASSWORD,USER_NAME,STATUS,PHONE,EMAIL,BIRTHDAY,CDATETIME,POINT,ZIPNO,ROADADDRPART1,ADDRDETAIL) values ('user1','1234','하현수','C','010-5290-2267','hyunsu@naver.com',to_date('24/09/19','RR/MM/DD'),to_date('24/09/19','RR/MM/DD'),382787,'12758','경기 광주시 경안로 3 (경안동)','202');
Insert into SYSTEM.HANJU_USER (USER_ID,PASSWORD,USER_NAME,STATUS,PHONE,EMAIL,BIRTHDAY,CDATETIME,POINT,ZIPNO,ROADADDRPART1,ADDRDETAIL) values ('user2','1234','정은지','C','010-2222-3333','jung@naver.com',to_date('24/09/19','RR/MM/DD'),to_date('24/09/19','RR/MM/DD'),0,'21358','인천 부평구 부평동 433-161','202호');
Insert into SYSTEM.HANJU_USER (USER_ID,PASSWORD,USER_NAME,STATUS,PHONE,EMAIL,BIRTHDAY,CDATETIME,POINT,ZIPNO,ROADADDRPART1,ADDRDETAIL) values ('test1234','1234','아무개','C','010-1234-5678','shtnrwk@naver.com',to_date('04/10/02','RR/MM/DD'),to_date('24/10/02','RR/MM/DD'),0,'31232','충청남도 천안시 동남구 목천읍 독립기념관로 1','길거리');
Insert into SYSTEM.HANJU_USER (USER_ID,PASSWORD,USER_NAME,STATUS,PHONE,EMAIL,BIRTHDAY,CDATETIME,POINT,ZIPNO,ROADADDRPART1,ADDRDETAIL) values ('haaa','123456789a','더조은','C','010-1234-5678','the@naver.com',to_date('99/01/01','RR/MM/DD'),to_date('24/10/07','RR/MM/DD'),0,'48497','부산광역시 남구 수영로250번길 21-7','더조은');
Insert into SYSTEM.HANJU_USER (USER_ID,PASSWORD,USER_NAME,STATUS,PHONE,EMAIL,BIRTHDAY,CDATETIME,POINT,ZIPNO,ROADADDRPART1,ADDRDETAIL) values ('abcdefg','dkssudgktpdy^^77','ㅇㅅㅇ','C','010-7777-7777','hijk@naver.com',to_date('34/05/06','RR/MM/DD'),to_date('24/10/07','RR/MM/DD'),0,'48978','부산광역시 중구 중구로29번길 23','여기 안 삼');
Insert into SYSTEM.HANJU_USER (USER_ID,PASSWORD,USER_NAME,STATUS,PHONE,EMAIL,BIRTHDAY,CDATETIME,POINT,ZIPNO,ROADADDRPART1,ADDRDETAIL) values ('SYSTEM','SYSTEM','관리자','A','none','none',to_date('24/09/19','RR/MM/DD'),to_date('24/09/19','RR/MM/DD'),0,null,null,null);
Insert into SYSTEM.HANJU_USER (USER_ID,PASSWORD,USER_NAME,STATUS,PHONE,EMAIL,BIRTHDAY,CDATETIME,POINT,ZIPNO,ROADADDRPART1,ADDRDETAIL) values ('user4','1234','신짱구','C','010-1234-5678','shin@naver.com',to_date('99/01/01','RR/MM/DD'),to_date('24/09/24','RR/MM/DD'),10000,'21389','인천광역시 부평구 경원대로 1373','우체국앞');
Insert into SYSTEM.HANJU_USER (USER_ID,PASSWORD,USER_NAME,STATUS,PHONE,EMAIL,BIRTHDAY,CDATETIME,POINT,ZIPNO,ROADADDRPART1,ADDRDETAIL) values ('test','qwer123456','user3','C','010-4816-9810','ljs1990.tj@gmail.com',to_date('96/10/19','RR/MM/DD'),to_date('24/10/11','RR/MM/DD'),0,'10097','경기도 김포시 김포대로 지하852','20호');
Insert into SYSTEM.HANJU_USER (USER_ID,PASSWORD,USER_NAME,STATUS,PHONE,EMAIL,BIRTHDAY,CDATETIME,POINT,ZIPNO,ROADADDRPART1,ADDRDETAIL) values ('user3','1234','김철수','S','01011111111','kim@naver.com',to_date('24/09/19','RR/MM/DD'),to_date('24/09/25','RR/MM/DD'),0,'(null)',null,null);
Insert into SYSTEM.HANJU_USER (USER_ID,PASSWORD,USER_NAME,STATUS,PHONE,EMAIL,BIRTHDAY,CDATETIME,POINT,ZIPNO,ROADADDRPART1,ADDRDETAIL) values ('kws03337','1234','정은지','C','010-4816-9810','kws03337@naver.com',to_date('96/10/19','RR/MM/DD'),to_date('24/10/04','RR/MM/DD'),0,'21405','인천광역시 부평구 부평공원로 51-1','1');
Insert into SYSTEM.HANJU_USER (USER_ID,PASSWORD,USER_NAME,STATUS,PHONE,EMAIL,BIRTHDAY,CDATETIME,POINT,ZIPNO,ROADADDRPART1,ADDRDETAIL) values ('user10','123456789a','하로하','C','010-1234-5678','dream@naver.com',to_date('99/01/01','RR/MM/DD'),to_date('24/10/04','RR/MM/DD'),0,'21389','인천광역시 부평구 부평대로 지하7',null);
--------------------------------------------------------
--  DDL for Index HANJU_CART_PK
--------------------------------------------------------

  CREATE UNIQUE INDEX "SYSTEM"."HANJU_CART_PK" ON "SYSTEM"."HANJU_CART" ("CART_ID") 
  PCTFREE 10 INITRANS 2 MAXTRANS 255 COMPUTE STATISTICS 
  STORAGE(INITIAL 65536 NEXT 1048576 MINEXTENTS 1 MAXEXTENTS 2147483645
  PCTINCREASE 0 FREELISTS 1 FREELIST GROUPS 1
  BUFFER_POOL DEFAULT FLASH_CACHE DEFAULT CELL_FLASH_CACHE DEFAULT)
  TABLESPACE "USERS" ;
--------------------------------------------------------
--  DDL for Index HANJU_FUNDING_PK
--------------------------------------------------------

  CREATE UNIQUE INDEX "SYSTEM"."HANJU_FUNDING_PK" ON "SYSTEM"."HANJU_FUNDING" ("FUNDING_ID") 
  PCTFREE 10 INITRANS 2 MAXTRANS 255 COMPUTE STATISTICS 
  STORAGE(INITIAL 65536 NEXT 1048576 MINEXTENTS 1 MAXEXTENTS 2147483645
  PCTINCREASE 0 FREELISTS 1 FREELIST GROUPS 1
  BUFFER_POOL DEFAULT FLASH_CACHE DEFAULT CELL_FLASH_CACHE DEFAULT)
  TABLESPACE "USERS" ;
--------------------------------------------------------
--  DDL for Index HANJU_FUNDING_OPTION_PK1
--------------------------------------------------------

  CREATE UNIQUE INDEX "SYSTEM"."HANJU_FUNDING_OPTION_PK1" ON "SYSTEM"."HANJU_FUNDING_OPTION" ("OPTION_ID") 
  PCTFREE 10 INITRANS 2 MAXTRANS 255 COMPUTE STATISTICS 
  STORAGE(INITIAL 65536 NEXT 1048576 MINEXTENTS 1 MAXEXTENTS 2147483645
  PCTINCREASE 0 FREELISTS 1 FREELIST GROUPS 1
  BUFFER_POOL DEFAULT FLASH_CACHE DEFAULT CELL_FLASH_CACHE DEFAULT)
  TABLESPACE "USERS" ;
--------------------------------------------------------
--  DDL for Index SYS_C006537
--------------------------------------------------------

  CREATE UNIQUE INDEX "SYSTEM"."SYS_C006537" ON "SYSTEM"."HANJU_GROUP_SELL" ("GROUP_SELL_ID") 
  PCTFREE 10 INITRANS 2 MAXTRANS 255 COMPUTE STATISTICS 
  STORAGE(INITIAL 65536 NEXT 1048576 MINEXTENTS 1 MAXEXTENTS 2147483645
  PCTINCREASE 0 FREELISTS 1 FREELIST GROUPS 1
  BUFFER_POOL DEFAULT FLASH_CACHE DEFAULT CELL_FLASH_CACHE DEFAULT)
  TABLESPACE "USERS" ;
--------------------------------------------------------
--  DDL for Index SYS_C006306
--------------------------------------------------------

  CREATE UNIQUE INDEX "SYSTEM"."SYS_C006306" ON "SYSTEM"."HANJU_NORMAL_SELL" ("SELL_ID") 
  PCTFREE 10 INITRANS 2 MAXTRANS 255 COMPUTE STATISTICS 
  STORAGE(INITIAL 65536 NEXT 1048576 MINEXTENTS 1 MAXEXTENTS 2147483645
  PCTINCREASE 0 FREELISTS 1 FREELIST GROUPS 1
  BUFFER_POOL DEFAULT FLASH_CACHE DEFAULT CELL_FLASH_CACHE DEFAULT)
  TABLESPACE "USERS" ;
--------------------------------------------------------
--  DDL for Index TEST_PICKUP_STORE_PK
--------------------------------------------------------

  CREATE UNIQUE INDEX "SYSTEM"."TEST_PICKUP_STORE_PK" ON "SYSTEM"."HANJU_PICKUP_STORE" ("STORE_ID") 
  PCTFREE 10 INITRANS 2 MAXTRANS 255 COMPUTE STATISTICS 
  STORAGE(INITIAL 65536 NEXT 1048576 MINEXTENTS 1 MAXEXTENTS 2147483645
  PCTINCREASE 0 FREELISTS 1 FREELIST GROUPS 1
  BUFFER_POOL DEFAULT FLASH_CACHE DEFAULT CELL_FLASH_CACHE DEFAULT)
  TABLESPACE "USERS" ;
--------------------------------------------------------
--  DDL for Index SYS_C006329
--------------------------------------------------------

  CREATE UNIQUE INDEX "SYSTEM"."SYS_C006329" ON "SYSTEM"."HANJU_PRODUCT" ("PRODUCT_ID") 
  PCTFREE 10 INITRANS 2 MAXTRANS 255 COMPUTE STATISTICS 
  STORAGE(INITIAL 65536 NEXT 1048576 MINEXTENTS 1 MAXEXTENTS 2147483645
  PCTINCREASE 0 FREELISTS 1 FREELIST GROUPS 1
  BUFFER_POOL DEFAULT FLASH_CACHE DEFAULT CELL_FLASH_CACHE DEFAULT)
  TABLESPACE "USERS" ;
--------------------------------------------------------
--  DDL for Index SYS_C006533
--------------------------------------------------------

  CREATE UNIQUE INDEX "SYSTEM"."SYS_C006533" ON "SYSTEM"."HANJU_SUBSCRIBE" ("SUBSCRIBE_ID") 
  PCTFREE 10 INITRANS 2 MAXTRANS 255 COMPUTE STATISTICS 
  STORAGE(INITIAL 65536 NEXT 1048576 MINEXTENTS 1 MAXEXTENTS 2147483645
  PCTINCREASE 0 FREELISTS 1 FREELIST GROUPS 1
  BUFFER_POOL DEFAULT FLASH_CACHE DEFAULT CELL_FLASH_CACHE DEFAULT)
  TABLESPACE "USERS" ;
--------------------------------------------------------
--  DDL for Trigger TEST_COUNT_TR
--------------------------------------------------------

  CREATE OR REPLACE NONEDITIONABLE TRIGGER "SYSTEM"."TEST_COUNT_TR" 
AFTER INSERT OR UPDATE ON "HANJU_PICKUP_STOCK"
FOR EACH ROW
DECLARE
    DIFF_COUNT NUMBER;
BEGIN
    IF INSERTING THEN
        DIFF_COUNT := :NEW.STOCK;
    ELSIF UPDATING THEN
        DIFF_COUNT := :NEW.STOCK - :OLD.STOCK;
    END IF;

    UPDATE HANJU_PRODUCT H
    SET H.STOCK = H.STOCK + DIFF_COUNT
    WHERE H.PRODUCT_ID = :NEW.PRODUCT_ID;
END;
/
ALTER TRIGGER "SYSTEM"."TEST_COUNT_TR" ENABLE;
--------------------------------------------------------
--  DDL for Trigger PIKUP_COUNT_TR
--------------------------------------------------------

  CREATE OR REPLACE NONEDITIONABLE TRIGGER "SYSTEM"."PIKUP_COUNT_TR" 
AFTER INSERT OR UPDATE ON "HANJU_PICKUP_STOCK"
FOR EACH ROW
DECLARE
    DIFF_COUNT NUMBER;
BEGIN
    IF INSERTING THEN
        DIFF_COUNT := :NEW.STOCK;
    ELSIF UPDATING THEN
        DIFF_COUNT := :NEW.STOCK - :OLD.STOCK;
    END IF;

    UPDATE HANJU_PRODUCT H
    SET H.STOCK = H.STOCK + DIFF_COUNT
    WHERE H.PRODUCT_ID = :NEW.PRODUCT_ID;
END;
/
ALTER TRIGGER "SYSTEM"."PIKUP_COUNT_TR" ENABLE;
--------------------------------------------------------
--  Constraints for Table HANJU_CART
--------------------------------------------------------

  ALTER TABLE "SYSTEM"."HANJU_CART" MODIFY ("CART_ID" NOT NULL ENABLE);
  ALTER TABLE "SYSTEM"."HANJU_CART" ADD CONSTRAINT "HANJU_CART_PK" PRIMARY KEY ("CART_ID")
  USING INDEX PCTFREE 10 INITRANS 2 MAXTRANS 255 COMPUTE STATISTICS 
  STORAGE(INITIAL 65536 NEXT 1048576 MINEXTENTS 1 MAXEXTENTS 2147483645
  PCTINCREASE 0 FREELISTS 1 FREELIST GROUPS 1
  BUFFER_POOL DEFAULT FLASH_CACHE DEFAULT CELL_FLASH_CACHE DEFAULT)
  TABLESPACE "USERS"  ENABLE;
--------------------------------------------------------
--  Constraints for Table HANJU_COMMENT
--------------------------------------------------------

  ALTER TABLE "SYSTEM"."HANJU_COMMENT" MODIFY ("COMMENT_ID" NOT NULL ENABLE);
  ALTER TABLE "SYSTEM"."HANJU_COMMENT" MODIFY ("BILL_ID" NOT NULL ENABLE);
  ALTER TABLE "SYSTEM"."HANJU_COMMENT" MODIFY ("USER_ID" NOT NULL ENABLE);
  ALTER TABLE "SYSTEM"."HANJU_COMMENT" MODIFY ("GRADE" NOT NULL ENABLE);
  ALTER TABLE "SYSTEM"."HANJU_COMMENT" MODIFY ("CDATETIME" NOT NULL ENABLE);
--------------------------------------------------------
--  Constraints for Table HANJU_FUNDING
--------------------------------------------------------

  ALTER TABLE "SYSTEM"."HANJU_FUNDING" MODIFY ("FUNDING_ID" NOT NULL ENABLE);
  ALTER TABLE "SYSTEM"."HANJU_FUNDING" MODIFY ("PRODUCT_ID" NOT NULL ENABLE);
  ALTER TABLE "SYSTEM"."HANJU_FUNDING" MODIFY ("TARGET_AMOUNT" NOT NULL ENABLE);
  ALTER TABLE "SYSTEM"."HANJU_FUNDING" MODIFY ("START_DATE" NOT NULL ENABLE);
  ALTER TABLE "SYSTEM"."HANJU_FUNDING" MODIFY ("END_DATE" NOT NULL ENABLE);
  ALTER TABLE "SYSTEM"."HANJU_FUNDING" ADD CONSTRAINT "HANJU_FUNDING_PK" PRIMARY KEY ("FUNDING_ID")
  USING INDEX PCTFREE 10 INITRANS 2 MAXTRANS 255 COMPUTE STATISTICS 
  STORAGE(INITIAL 65536 NEXT 1048576 MINEXTENTS 1 MAXEXTENTS 2147483645
  PCTINCREASE 0 FREELISTS 1 FREELIST GROUPS 1
  BUFFER_POOL DEFAULT FLASH_CACHE DEFAULT CELL_FLASH_CACHE DEFAULT)
  TABLESPACE "USERS"  ENABLE;
--------------------------------------------------------
--  Constraints for Table HANJU_FUNDING_BILL
--------------------------------------------------------

  ALTER TABLE "SYSTEM"."HANJU_FUNDING_BILL" MODIFY ("OPTION_ID" NOT NULL ENABLE);
  ALTER TABLE "SYSTEM"."HANJU_FUNDING_BILL" MODIFY ("FUNDING_ID" NOT NULL ENABLE);
  ALTER TABLE "SYSTEM"."HANJU_FUNDING_BILL" MODIFY ("BILL_ID" NOT NULL ENABLE);
--------------------------------------------------------
--  Constraints for Table HANJU_FUNDING_OPTION
--------------------------------------------------------

  ALTER TABLE "SYSTEM"."HANJU_FUNDING_OPTION" MODIFY ("OPTION_ID" NOT NULL ENABLE);
  ALTER TABLE "SYSTEM"."HANJU_FUNDING_OPTION" ADD CONSTRAINT "HANJU_FUNDING_OPTION_PK" PRIMARY KEY ("OPTION_ID")
  USING INDEX (CREATE UNIQUE INDEX "SYSTEM"."HANJU_FUNDING_OPTION_PK1" ON "SYSTEM"."HANJU_FUNDING_OPTION" ("OPTION_ID") 
  PCTFREE 10 INITRANS 2 MAXTRANS 255 COMPUTE STATISTICS 
  STORAGE(INITIAL 65536 NEXT 1048576 MINEXTENTS 1 MAXEXTENTS 2147483645
  PCTINCREASE 0 FREELISTS 1 FREELIST GROUPS 1
  BUFFER_POOL DEFAULT FLASH_CACHE DEFAULT CELL_FLASH_CACHE DEFAULT)
  TABLESPACE "USERS" )  ENABLE;
--------------------------------------------------------
--  Constraints for Table HANJU_FUNDING_USER_STAT
--------------------------------------------------------

  ALTER TABLE "SYSTEM"."HANJU_FUNDING_USER_STAT" MODIFY ("USER_ID" NOT NULL ENABLE);
--------------------------------------------------------
--  Constraints for Table HANJU_GROUP_SELL
--------------------------------------------------------

  ALTER TABLE "SYSTEM"."HANJU_GROUP_SELL" MODIFY ("GROUP_SELL_ID" NOT NULL ENABLE);
  ALTER TABLE "SYSTEM"."HANJU_GROUP_SELL" MODIFY ("PRODUCT_ID" NOT NULL ENABLE);
  ALTER TABLE "SYSTEM"."HANJU_GROUP_SELL" ADD PRIMARY KEY ("GROUP_SELL_ID")
  USING INDEX PCTFREE 10 INITRANS 2 MAXTRANS 255 COMPUTE STATISTICS 
  STORAGE(INITIAL 65536 NEXT 1048576 MINEXTENTS 1 MAXEXTENTS 2147483645
  PCTINCREASE 0 FREELISTS 1 FREELIST GROUPS 1
  BUFFER_POOL DEFAULT FLASH_CACHE DEFAULT CELL_FLASH_CACHE DEFAULT)
  TABLESPACE "USERS"  ENABLE;
--------------------------------------------------------
--  Constraints for Table HANJU_GROUP_SELL_STAT
--------------------------------------------------------

  ALTER TABLE "SYSTEM"."HANJU_GROUP_SELL_STAT" MODIFY ("GROUP_SELL_ID" NOT NULL ENABLE);
  ALTER TABLE "SYSTEM"."HANJU_GROUP_SELL_STAT" MODIFY ("USER_ID" NOT NULL ENABLE);
--------------------------------------------------------
--  Constraints for Table HANJU_IMAGE
--------------------------------------------------------

  ALTER TABLE "SYSTEM"."HANJU_IMAGE" MODIFY ("IMAGE_ID" NOT NULL ENABLE);
--------------------------------------------------------
--  Constraints for Table HANJU_NORMAL_SELL
--------------------------------------------------------

  ALTER TABLE "SYSTEM"."HANJU_NORMAL_SELL" MODIFY ("SELL_ID" NOT NULL ENABLE);
  ALTER TABLE "SYSTEM"."HANJU_NORMAL_SELL" MODIFY ("PRODUCT_ID" NOT NULL ENABLE);
  ALTER TABLE "SYSTEM"."HANJU_NORMAL_SELL" ADD PRIMARY KEY ("SELL_ID")
  USING INDEX PCTFREE 10 INITRANS 2 MAXTRANS 255 COMPUTE STATISTICS 
  STORAGE(INITIAL 65536 NEXT 1048576 MINEXTENTS 1 MAXEXTENTS 2147483645
  PCTINCREASE 0 FREELISTS 1 FREELIST GROUPS 1
  BUFFER_POOL DEFAULT FLASH_CACHE DEFAULT CELL_FLASH_CACHE DEFAULT)
  TABLESPACE "USERS"  ENABLE;
  ALTER TABLE "SYSTEM"."HANJU_NORMAL_SELL" MODIFY ("DISCOUNT" NOT NULL ENABLE);
  ALTER TABLE "SYSTEM"."HANJU_NORMAL_SELL" MODIFY ("CDATETIME" NOT NULL ENABLE);
--------------------------------------------------------
--  Constraints for Table HANJU_PICKUP_STOCK
--------------------------------------------------------

  ALTER TABLE "SYSTEM"."HANJU_PICKUP_STOCK" MODIFY ("STORE_ID" NOT NULL ENABLE);
  ALTER TABLE "SYSTEM"."HANJU_PICKUP_STOCK" MODIFY ("PRODUCT_ID" NOT NULL ENABLE);
  ALTER TABLE "SYSTEM"."HANJU_PICKUP_STOCK" MODIFY ("STOCK" NOT NULL ENABLE);
--------------------------------------------------------
--  Constraints for Table HANJU_PICKUP_STORE
--------------------------------------------------------

  ALTER TABLE "SYSTEM"."HANJU_PICKUP_STORE" MODIFY ("STORE_ID" NOT NULL ENABLE);
  ALTER TABLE "SYSTEM"."HANJU_PICKUP_STORE" MODIFY ("STORE_NAME" NOT NULL ENABLE);
  ALTER TABLE "SYSTEM"."HANJU_PICKUP_STORE" MODIFY ("PHONE" NOT NULL ENABLE);
  ALTER TABLE "SYSTEM"."HANJU_PICKUP_STORE" ADD CONSTRAINT "TEST_PICKUP_STORE_PK" PRIMARY KEY ("STORE_ID")
  USING INDEX PCTFREE 10 INITRANS 2 MAXTRANS 255 COMPUTE STATISTICS 
  STORAGE(INITIAL 65536 NEXT 1048576 MINEXTENTS 1 MAXEXTENTS 2147483645
  PCTINCREASE 0 FREELISTS 1 FREELIST GROUPS 1
  BUFFER_POOL DEFAULT FLASH_CACHE DEFAULT CELL_FLASH_CACHE DEFAULT)
  TABLESPACE "USERS"  ENABLE;
--------------------------------------------------------
--  Constraints for Table HANJU_PRODUCT
--------------------------------------------------------

  ALTER TABLE "SYSTEM"."HANJU_PRODUCT" MODIFY ("PRODUCT_ID" NOT NULL ENABLE);
  ALTER TABLE "SYSTEM"."HANJU_PRODUCT" MODIFY ("TYPE" NOT NULL ENABLE);
  ALTER TABLE "SYSTEM"."HANJU_PRODUCT" MODIFY ("PRODUCT_NAME" NOT NULL ENABLE);
  ALTER TABLE "SYSTEM"."HANJU_PRODUCT" MODIFY ("PRICE" NOT NULL ENABLE);
  ALTER TABLE "SYSTEM"."HANJU_PRODUCT" MODIFY ("SELLER_ID" NOT NULL ENABLE);
  ALTER TABLE "SYSTEM"."HANJU_PRODUCT" MODIFY ("MADE_BY" NOT NULL ENABLE);
  ALTER TABLE "SYSTEM"."HANJU_PRODUCT" MODIFY ("ALCOHOL" NOT NULL ENABLE);
  ALTER TABLE "SYSTEM"."HANJU_PRODUCT" MODIFY ("SPARKLING" NOT NULL ENABLE);
  ALTER TABLE "SYSTEM"."HANJU_PRODUCT" MODIFY ("SWEET" NOT NULL ENABLE);
  ALTER TABLE "SYSTEM"."HANJU_PRODUCT" MODIFY ("SOUR" NOT NULL ENABLE);
  ALTER TABLE "SYSTEM"."HANJU_PRODUCT" MODIFY ("BITTER" NOT NULL ENABLE);
  ALTER TABLE "SYSTEM"."HANJU_PRODUCT" MODIFY ("BODY" NOT NULL ENABLE);
  ALTER TABLE "SYSTEM"."HANJU_PRODUCT" MODIFY ("STOCK" NOT NULL ENABLE);
  ALTER TABLE "SYSTEM"."HANJU_PRODUCT" MODIFY ("CAPACITY" NOT NULL ENABLE);
  ALTER TABLE "SYSTEM"."HANJU_PRODUCT" ADD PRIMARY KEY ("PRODUCT_ID")
  USING INDEX PCTFREE 10 INITRANS 2 MAXTRANS 255 COMPUTE STATISTICS 
  STORAGE(INITIAL 65536 NEXT 1048576 MINEXTENTS 1 MAXEXTENTS 2147483645
  PCTINCREASE 0 FREELISTS 1 FREELIST GROUPS 1
  BUFFER_POOL DEFAULT FLASH_CACHE DEFAULT CELL_FLASH_CACHE DEFAULT)
  TABLESPACE "USERS"  ENABLE;
--------------------------------------------------------
--  Constraints for Table HANJU_SUBSCRIBE
--------------------------------------------------------

  ALTER TABLE "SYSTEM"."HANJU_SUBSCRIBE" ADD PRIMARY KEY ("SUBSCRIBE_ID")
  USING INDEX PCTFREE 10 INITRANS 2 MAXTRANS 255 COMPUTE STATISTICS 
  STORAGE(INITIAL 65536 NEXT 1048576 MINEXTENTS 1 MAXEXTENTS 2147483645
  PCTINCREASE 0 FREELISTS 1 FREELIST GROUPS 1
  BUFFER_POOL DEFAULT FLASH_CACHE DEFAULT CELL_FLASH_CACHE DEFAULT)
  TABLESPACE "USERS"  ENABLE;
  ALTER TABLE "SYSTEM"."HANJU_SUBSCRIBE" ADD CHECK (ARRIVE_DATE IN ('월요일', '화요일', '수요일', '목요일', '금요일', '토요일', '일요일')) ENABLE;
--------------------------------------------------------
--  Constraints for Table HANJU_USER
--------------------------------------------------------

  ALTER TABLE "SYSTEM"."HANJU_USER" MODIFY ("USER_ID" NOT NULL ENABLE);
  ALTER TABLE "SYSTEM"."HANJU_USER" MODIFY ("PASSWORD" NOT NULL ENABLE);
  ALTER TABLE "SYSTEM"."HANJU_USER" MODIFY ("USER_NAME" NOT NULL ENABLE);
  ALTER TABLE "SYSTEM"."HANJU_USER" MODIFY ("STATUS" NOT NULL ENABLE);
  ALTER TABLE "SYSTEM"."HANJU_USER" MODIFY ("PHONE" NOT NULL ENABLE);
  ALTER TABLE "SYSTEM"."HANJU_USER" MODIFY ("EMAIL" NOT NULL ENABLE);
  ALTER TABLE "SYSTEM"."HANJU_USER" MODIFY ("BIRTHDAY" NOT NULL ENABLE);
  ALTER TABLE "SYSTEM"."HANJU_USER" MODIFY ("CDATETIME" NOT NULL ENABLE);
  ALTER TABLE "SYSTEM"."HANJU_USER" MODIFY ("POINT" NOT NULL ENABLE);
